time,height,bme_temp,bme_press,bme_hum,bmp_temp,bmp_press,voc_raw,accel_x,accel_y,accel_z,lin_accel_x,lin_accel_y,lin_accel_z,gyro_x,gyro_y,gyro_z,mag_x,mag_y,mag_z,euler_x,euler_y,euler_z,quat_w,quat_x,quat_y,quat_z,year,month,day,hour,minute,second,lon,lat,alt,velN,velE,velD,pump_feedback,valven_feedback,valve1_feedback,valve2_feedback,press_1,temp_1,press_2,temp_2,press_3,temp_3,press_4,temp_4
50.78341775662276,66.32472274757525,17.11622645769888,12.290991293634402,23.8832838873669,60.94608574962126,16.29630979124207,72.00787828945035,81.72252331830235,81.55139249417768,63.650427594581686,71.54013324395306,14.016455209316714,90.31803323673016,28.337684307744084,47.11961267218901,15.16521453797479,41.06203394868493,99.22918966482595,73.95128161151533,33.23895173280881,95.85049149526849,1.926514900893228,21.051159734227596,68.75615825097451,57.64853289869325,11.36488152279177,87.61231552513058,2.032164090652988,12.563254482146824,41.117798821057306,5.9993219016908235,95.58636778357878,84.81501350434499,52.09493871753511,99.18687782646391,8.28148168887588,39.29249697321888,89.00681590429426,97.30735216705033,74.83063083361924,44.92007846984142,29.9864883147278,85.53657306760843,87.67180475801229,18.131855776446958,51.25078279033916,11.50967651617194,84.69054704953953,60.87671937123895,0.6851744211798239
44.251339485924845,59.81252574774217,57.838366479502035,54.31425863068575,20.863025559519798,48.67054699971737,86.4584310117948,49.5383726809701,77.19309609221698,30.204303800548082,29.821861546086037,93.71144771662541,44.46268358906005,10.34768984250144,14.847909862046427,19.48355330151704,91.71572561078405,2.663837838789218,74.76317688844027,11.972976165028426,71.23933627724467,93.69187311165777,69.85463518764526,46.37659912814313,27.252622941746573,59.915598667582614,93.5562161356894,29.84761214687137,53.595123732561724,99.4658259662711,59.197096196701935,19.09314176354827,9.013235197112934,23.977525147193557,82.1903523015118,72.48745378121944,53.780593642187355,93.5868740837288,83.2236312677299,42.25369510010408,47.44775718499222,77.98160303758141,91.25904193816903,71.41546678781107,51.43588128737504,50.61109720357641,18.498330229691184,58.89833828806328,71.11133729999177,19.6395729545087,7.809257483472843
13.728142719427684,67.50314544318714,56.93585133983563,11.579628896405946,87.03879345405161,64.39442395804235,43.61562501897044,8.459801071280504,44.26435306109394,39.33700074114094,97.64007456757207,52.66934516020632,84.69972938739751,61.47569011184658,86.0397948622871,46.41116171474382,12.884886339624313,35.6192514300676,80.88911049996088,0.9048758920566224,19.95572474763675,68.92706538458567,12.325971123083935,56.455808331185466,40.05519332684073,0.8661524310672908,43.45442731166855,54.58273062729214,6.928629992107249,6.072977178793737,15.00639897475493,40.4666289525686,63.002528188781056,65.18226135814123,97.58483687432319,12.443055718360508,9.55571727985609,48.2380651990351,75.56482924161726,23.79651364951477,42.00694036047693,12.647992810241727,2.6826107446275227,90.01416452741476,12.711364982770723,88.09726884418225,69.40830092389213,42.318904558512926,90.50157138678688,87.33774013779563,46.97698701756037
42.509498908162804,24.92144951313292,39.39934285541775,64.24018893972978,95.62649831634616,33.255187196127935,73.9230225576292,45.4447021871069,17.72575617316714,84.61986615075622,84.24946147646023,13.013925926597302,6.525751000035729,36.6536598840388,98.86522633776393,0.18466282562229486,61.21250061895178,41.160821689664786,59.22412650346281,18.998230855567744,46.85142514829439,73.21815553357587,97.60465843414774,67.24776594909365,99.21489448110516,82.16912220982023,52.792836305223766,49.103912596759066,91.44366059452611,38.03373524336063,86.66802174262645,54.1443274958717,60.145245441711936,37.860952019659265,69.56732701600474,36.732140866308896,5.721033346865767,22.410110170750553,79.75331719837342,43.83638085000153,53.26927941377455,77.28219895916858,7.096093299040984,26.1590721760496,97.91821135326686,15.244463319305723,78.20315280092748,9.10185321243947,78.23507391862961,40.71206551535851,14.068177919555215
88.04238432888107,13.2844039983402,96.30985599547125,61.233538366295804,95.66756785819194,18.843857576735857,9.118421605666683,85.7132954111504,68.07413899955186,14.950375497539914,64.92354832666847,76.01376846097092,68.71348521380956,71.41123741878212,59.27527433116244,82.58478031521406,42.62672449308502,36.34310188333204,60.76207965970981,74.88330919377478,33.9609006720521,24.06107669522327,12.66822318957913,35.791483104300724,60.212196424758346,62.80086380604497,28.584091329190862,80.1199202052618,86.3712404221938,10.58070754658299,89.9790945511857,97.94196989568115,31.886069471061994,95.19326075009998,13.163520877538437,69.36879153895768,73.7316122682426,56.578302452619425,1.0462414989171998,66.97917736414728,94.06794251747861,33.88879613084826,28.051232743101608,90.18400447529869,42.48455930956961,8.353804438525348,43.903001022417165,6.894154035704336,41.604500751705906,37.25637822034997,8.592048140294795
77.38163086924857,16.94492707872094,63.08712615606521,59.74444185773009,44.1782666429903,96.90852981545913,99.04146480325895,54.7937612355231,66.14812123299004,30.292487178936867,7.432636854416974,44.60606526039247,48.42926325630569,83.44719871460349,95.16921925350381,9.770019111280092,18.525405184781064,85.5684622980176,50.66926926986777,14.2788614055403,83.39556994650525,78.95016719139221,29.931669627679703,64.50717084951634,46.617283464442764,39.33476926144455,16.721909543881896,69.61261342410768,18.83922924670154,98.11987034531339,3.673836113615081,98.31727762730318,37.23459545289999,20.922153902379158,59.831574570651846,29.652809410094093,58.3829919101439,88.56247892637565,66.62959967385245,25.87803304006685,2.6310366773252936,49.29336315369818,7.527443058696814,25.699975375914075,0.13677755971870376,99.47795793804256,27.210684485308146,71.06781433157127,28.541791367413825,52.23069488300518,63.066298090677556
64.24783050847405,14.83577529228375,33.26892012224839,67.17905332881485,89.42238960390534,35.745451360054545,8.894721079875678,28.90026506510757,98.76978385588198,41.0817577087107,70.55906206706105,75.33548848622108,23.278854928141325,41.213115567102086,25.10641142469362,60.80144084454331,16.504424836051946,6.185526967158461,86.85810976843092,55.35609256678223,34.10781559652559,98.55657686095313,10.34294135395486,16.57827763525961,71.74461607020146,69.39195812614604,23.174378007678374,48.90032573569583,30.982932315445655,75.47031542856479,30.8737387924919,47.40673907761198,35.104556402836494,74.87055196966787,85.30796068134852,14.728817588441567,56.21553723525638,4.845297960568262,51.17992326195656,24.135389560577046,79.40717917613236,98.2497212790072,58.8863954015363,60.946368870400825,26.938922542472966,68.60804974677531,96.34562845555918,87.55643782024495,27.719848070157926,9.574304390549981,52.54410603939095
99.49156289566612,96.7453285355074,85.63233212212332,41.16391201457405,22.897978446173294,16.74433412064298,28.500125257323727,58.339919258852845,83.86785916290663,84.16473321222405,9.033532360491847,17.079766984119203,84.39390236547644,67.25124137103788,26.549546685801985,32.73120959552458,29.045835596356994,18.102222357723583,50.581948952740554,64.59401959274844,46.80294953114147,81.40373671326303,23.726296233427703,91.86220141821084,20.577427793899496,74.20525684399827,37.7421790176416,69.49637832159719,35.85104177156128,13.588668666833614,40.145778669497325,25.20977843889677,50.228762653874114,77.51516530494595,12.334243733253537,1.50812623133878,52.73436213922903,83.50042105924437,6.01407804325097,11.25735781320989,59.37081216181285,80.05431185762582,80.84245232335005,56.98197632161887,15.386942056569142,92.72170736942059,1.7302353944659066,75.72161587937931,49.69138700415877,71.72933696144803,14.165183157307059
47.526601972838634,23.600799737519363,51.41070440802813,50.61306286596919,30.640003223652457,24.91328424279513,46.384764215450794,60.520825039559845,37.166358591620494,79.53704466307614,7.94721430608869,46.252661931264825,83.46762409619137,90.35256824944862,8.912959071795324,20.848311796825204,16.909827162824044,54.87044836238998,0.9498567611282427,4.97572128867726,28.438633986798155,18.25906568705886,14.029457260093059,56.51024741781334,23.17860662212491,24.603357040600272,27.790326588399317,66.58680653914813,76.01480405870701,60.79507166667306,4.039385640204207,24.376175977432325,43.9684019010814,42.231021863295915,18.736302281386397,69.75157616173195,78.93723213413311,66.17692807966202,98.84796474919011,83.19768461548817,12.619617322653031,29.134597898337056,14.438483811684177,34.07390915246242,78.03989744897729,96.74979213431159,59.42211754924897,92.54039713548896,29.394685847128542,62.85401710772944,17.525945270170297
13.643693823302605,49.230061635065994,53.6832346335028,27.769882521762256,81.45357768373903,46.89133718493491,3.441885064334149,16.13957254615055,55.84649357719395,71.4246672047028,36.41360043092045,50.41749130309826,47.7707902297356,34.79991114143009,68.0755722332443,45.812454203665574,88.49789462784416,96.15251433501483,94.07769226551044,31.47285558404801,90.85818188722124,1.8777264955158635,43.81612301075942,57.939933288764344,28.932085070354276,89.47074546944708,38.06612034688596,76.84834290405028,45.36547759481172,99.37967679658433,75.97182388642743,35.00643676379386,95.20664112383709,75.94611262804976,49.981246385181954,27.631231862733287,59.61293151630015,33.19791264499986,86.8403726302764,54.922506968280906,10.66992412594876,35.97272449667537,55.363061766229,0.5503908236288546,91.04422140013826,6.972542604104548,40.28493708568094,38.23939144462193,69.28515027885844,16.723772027328078,62.12104623914748
1.237277340994336,92.49883813586098,79.29276817970289,57.91746431801279,93.97399180203027,86.59384061132177,59.779556955828895,13.106864232162984,19.065322483755775,24.722509018005923,31.49924861660802,11.282809338003098,38.479140584369716,32.42506733913558,14.337019405552553,89.5657738255619,27.58948960602097,5.989019024892938,94.19041881203468,38.71180156949752,33.01423179595704,69.33562228886737,8.036838057769513,32.396535659363714,96.05111915778748,61.646344637193664,20.993885721155227,11.11271811137511,46.863067079686374,4.700175182166633,83.26409432161847,14.000409369624878,14.009435685617444,82.50308598526732,44.5089485069324,27.120850016931097,23.238150333574804,97.81455087995919,29.975349871877853,34.23679268435429,41.615622115877436,24.11475602603934,6.951519947445495,49.9345836514283,1.1506247967388972,84.76588975888329,39.93076905284853,13.797919978999962,50.82910605068268,12.120397576154218,62.609962496230466
54.995113399209416,11.758390364592476,60.02411599412621,70.56070796790405,57.266196696092855,95.56655133622375,49.36172393868164,88.48149125407751,10.509571361601921,59.186394303117225,54.44270477717544,58.17787487542175,71.929653170691,30.742102108944035,90.68644860051147,59.463647604825496,23.10594401660281,68.34184250079932,79.54123329049686,48.22459950159761,44.7270270180319,77.79599302596522,8.577567354540527,98.38549672279416,73.75556869712605,75.39601860143503,57.476862442867805,53.74365634258488,58.3109593329576,37.52867677253556,86.67834585161519,34.73616332734901,40.48832114228659,96.68533862029243,68.60595698274534,50.90566244851633,53.89577504734277,81.21931127258858,54.90559258529242,93.28093073650207,36.17197738960316,34.27934848445374,78.16492145644544,25.707538544216348,44.07964329682448,19.200953497612883,8.667425501724823,81.96452929794513,98.10331457409701,79.00058136254086,62.96023883469611
15.805736624829503,21.934560416501803,3.916429488362938,0.6093563157291593,39.20942524167172,4.842853322746543,19.52578358516377,37.174736188178706,70.49672463835209,29.787200795659906,31.51640030414633,41.015291549582145,83.80880584242776,29.01053886980233,36.8489704236023,91.58382803284081,64.12390189250743,83.19994258511402,58.15257722021553,11.107903956593358,65.69887077656438,88.16329728418783,21.563644625135623,47.252258357726205,54.813176870242394,94.9666118284713,87.52153824058517,50.87198442277382,49.051972111772265,79.09085357166464,14.511732109830067,44.428700276961145,59.588711445766485,6.727097060999309,77.2812023935226,8.721122103877399,60.19372884901456,43.57214965948698,50.36082936934726,10.36517869024024,89.6316235450383,47.07086080425172,9.952652596954415,51.5284634644413,1.033446319670417,80.3574349870572,29.298695150977473,57.39501684741183,37.93783265833493,97.96674496897307,35.84281652521757
69.18952788154489,4.731345400667452,35.104639700647155,1.1206075586309705,54.85302382901569,33.571840647482766,89.99803961178287,19.120338597443187,6.942553871308843,66.5277640291117,54.41715034296012,48.96199285933387,1.336702792646871,31.41221720175701,55.71787568601984,88.19755524201503,86.48316446305545,50.98910624878873,15.378580196492809,1.592960450745473,52.51557681998826,66.39918617561253,47.51809547385187,99.37080455047683,14.192866708735375,93.39124703108003,10.28058597309296,50.27127849340256,3.81897639999208,64.55484887834724,17.946736438402265,13.069044379015516,88.48685998302103,9.477916504226702,80.01378383365245,94.96497254412154,40.09809149765857,23.625043961534363,20.668578692537043,35.83884451517837,30.980758772506366,29.649217666659844,67.26427259107214,87.65740359772877,46.469790420240784,28.149601269123593,99.63739447500728,55.212000961149975,54.29965257268735,39.09613454989726,67.80207663749401
28.243872612260347,60.851880269519086,66.10416968112406,57.60822141524149,15.509240377951627,50.51207064338118,31.569982987423806,61.475251892934594,91.7107550157779,56.137953295000344,73.20945360876266,72.02213643723105,62.224474873491644,28.29951586086924,20.71332963991288,64.37682744103103,90.0674156657405,70.57970938138692,44.542951580224944,7.317857529886663,97.24744888700981,95.49137580521125,74.24189595914336,58.890172667253125,45.005907675725986,74.35580544286171,38.505863576289755,96.49775095300784,20.79511966385661,10.074333505826594,19.003515005694403,13.523785881975803,66.67484577401022,27.99945271381126,83.19601741531682,22.625399692629422,84.18818826972958,55.59707594505635,16.790307935081337,54.247833430940716,56.84197638323476,24.624970787144285,92.37672982974627,18.77848213326572,22.16620795399764,88.93464157062053,90.39137318133822,96.24306888829881,89.48344673634593,63.57334147741279,27.096982303177896
66.92563769114442,17.57160932946119,84.69986613583936,33.74395168669454,24.24563390756368,18.54292999892432,72.93791147988743,72.96638680975894,68.36465592682056,76.55539357551798,88.71864150381374,27.573297433014176,87.95122341695362,8.637599709757705,17.58566763706606,50.56413057682091,32.98689795485906,6.406023327979316,92.67431518228167,75.70539985803187,59.92518695209158,20.10814372757951,17.69764430527928,64.58917260999043,47.75109521686522,46.97206488495389,31.896997195474253,97.32123370374319,52.67162896037863,33.79117120076505,54.659713187544924,11.219284340885427,89.48244044072769,5.483884859329125,86.19748757241527,25.891792428024875,83.99781671112608,41.41263257239704,0.7660785832479866,10.730079115695347,83.52882844665844,58.931054936212035,91.69893007005706,1.1915765392701783,45.80037837917459,7.823664685318721,57.388401737219674,30.349823067835324,76.1629642182421,81.61295020381225,14.00105831566666
58.994795687777966,97.8066467140588,51.502996314119876,70.63773653986011,94.95082347482591,35.56881969754517,9.534659942602907,74.58363795882195,22.44037545350701,34.59746991068007,28.319420946105488,57.4352360164083,78.8620649374712,23.249381112527455,94.38763950777886,67.38611365076834,86.27709001789911,76.14419038114575,32.606308418781296,87.6968878627954,64.80793557462259,72.6609715348485,31.942580351260208,23.397261975118944,94.06454526970907,35.11280262730184,53.68823605340993,12.230229372631706,91.1801525255408,12.454142086070553,23.68156380022095,5.681546964269502,11.695784175449342,39.29075289308964,61.08240637807785,40.657025384877386,17.360770467932184,70.4739044500708,67.12301866364714,61.13193088776977,51.21380549502089,1.9105399969322256,35.79050873148444,91.98840597172581,12.487351036467553,27.74285925018126,45.44068515870683,88.51008622275344,90.73118173166947,7.4308201353198156,74.8515545319048
1.457103721347064,17.60333480376255,40.188227239496314,54.051618909328134,75.06405719757586,74.8090751666441,87.40085841800087,32.056240118332624,50.569429297137894,22.129706196096134,27.157570347389925,83.59260551222091,25.11729964955881,27.250941484630665,74.87903362887872,34.681943228252756,26.75697005517096,13.466004707323576,47.13037328431982,65.73678118030696,34.17509539313499,91.75245084647678,20.38338420260757,58.967469844248576,63.64539217182589,94.76867907315791,89.67626705036433,67.47067637924265,8.631432134379246,57.3280027413013,85.04256197518737,71.63428743969236,97.03409708206527,80.76374058844226,95.55140405550405,7.753084829082746,24.61019655881521,42.70140837909625,33.423378872110376,42.70195557959513,95.01652998673691,42.259048649971206,12.148510159153691,95.38731655731709,89.97074126944527,96.62027692968536,23.06836183136426,34.67268330849363,3.2947801361899343,70.01124529743903,55.873964095548764
31.861289912218204,8.39650107149128,90.20804130801407,60.946151848542506,41.152135701180626,77.49390498732163,38.78443567626112,74.99564874393594,66.44140072599056,58.41277798736984,64.86989351899727,38.369069563782865,84.90653371191165,27.58475026040922,51.46371821749207,45.64533628437862,1.6887261869389047,89.23336053836044,91.48522683850561,29.39780033774184,35.82722055422073,65.33408949925763,43.20614684197175,87.99903804683092,2.2061892510760073,7.532254144897355,46.318945317186866,99.0106282523203,77.11555906369198,26.5600477498556,42.94366282932912,25.02686908856102,5.4812485826510216,9.772718777008793,69.3948338659594,99.5939191565906,96.32531806640043,11.390702372771688,85.64784482237042,11.679625725434962,35.49675718885895,85.38026907955067,53.2581231958125,39.2641669178753,15.750285847264422,98.21393313992147,56.67755157596027,42.982972243762966,77.12029986106815,78.97148346186566,19.235824853145555
73.01853179302952,82.6661034278518,55.41608462502686,97.57103879019019,58.46133731100013,13.853854093615636,62.66647924097671,47.14686516654763,82.23322001323874,69.05242075125958,73.61795835783795,82.94277520567739,91.2315344645904,32.36726500534412,51.64619556344111,95.57435006697045,25.52815759657694,52.99533184987272,94.54696052378091,49.31418511577175,91.31171692866174,79.55166718623855,49.34709628296186,41.200680141044764,26.0105251981672,27.498231772641425,85.54367882132246,48.46968863215142,50.181442635705544,97.49348480370551,96.24650464834367,76.3860212519112,27.63143698098406,66.28633196988311,22.509145331173297,64.39378008394911,34.10294495095605,35.28497681383035,96.24122025690177,12.689706338604356,96.76544546100926,49.97117220813405,54.72793956539643,60.27332676486093,88.84574088873674,78.24232551743148,56.97197462577566,69.10238145315076,56.19824737667335,66.79136580880107,31.126292872167028
43.51166632022164,35.96936351029291,72.43255443651358,9.50066799954693,2.1032926825998444,62.60088836126305,0.32794867334516864,71.16350932861259,17.64001198992986,49.06663711503699,10.54509466652096,34.82707487209689,15.848181735002987,70.48787924468186,25.052056908212872,64.27478122853871,75.97657128813793,45.1448539067408,80.30652889131107,88.591669437719,32.31239378963736,11.80610249627929,72.2032533214323,38.19908005125304,66.58218906371735,51.641541116060196,64.85047827075142,2.4449451207715356,79.35670670232213,52.32353862774532,78.39093233626969,78.4081635761093,91.46612304193073,54.216162523128354,32.71524827298523,67.5609956983307,57.76676131536321,63.980236909620736,62.25002352038065,94.04605437580084,96.16465785120934,55.24323857507901,38.71836840910981,94.46809974452965,85.72386558952891,73.39603992693297,12.447257726143334,19.244525715930717,20.720194724361185,6.541273200178132,81.71933262758171
80.06669438710387,86.67217859122114,48.83797454508789,60.59639281383683,46.654872743873725,76.52320885999325,63.438590338735345,60.35693796803324,11.031053862146777,98.25978943676223,14.039550018442071,19.995370800634205,65.01347579027868,22.891464225087077,73.27237988135995,11.167724784860255,77.43491093126137,90.89444742097851,98.82458994555961,49.62719502117232,87.6593008514812,42.61441467700412,47.30592195524669,8.27018395024992,71.9153970352765,14.208223208521298,88.01443914739366,86.67611423715309,35.18213588268384,8.005573893019758,59.779832053557804,7.471300817563254,2.293967543921527,47.716422247528214,64.93350540952338,34.279173852606206,63.85569093744661,53.11149186869576,70.74626774227485,59.70792654643795,47.25959224360978,16.16275076207023,62.35605866103673,63.725644561527595,6.3908038555080315,12.986532989785148,36.240433761403835,23.566042899335592,24.770545805479248,62.64243618594306,30.514829812921995
48.88848647163946,21.013820444638974,78.2669372428607,55.647077149982714,32.474902990096645,82.27482332896693,27.795403940119623,20.12809278846477,49.20920537949024,14.674561797526975,25.19522209831011,88.64476732678183,13.348371251185387,63.208129283032044,44.93350298934372,5.40812640627829,82.06022986254412,74.28825249304911,36.953551609826484,1.193833563130553,99.48754828421265,35.75878157678996,44.127486989044314,67.36652813155816,19.376677089831517,4.173190556962925,48.824561471432446,83.4638411948465,79.1280480492637,56.28400884923003,99.23967421239792,71.20478222803638,70.20652446462393,35.96057077618785,20.587637588963325,69.5141615909657,25.045091300164422,23.125097663336234,6.008719751765934,27.904348106362153,72.83729634116784,67.85272930371042,34.79986388262567,5.536917642764916,67.06817754793725,70.29449807966037,73.14445342145751,60.45453868966013,73.92886848997932,63.85963201132687,92.6250670202875
83.04969744474784,21.63938708021963,27.419124189583833,20.423626821767627,55.92920359209771,79.26415607936434,72.1192379082282,78.82755620967417,93.7767386055909,15.686111691408367,57.39506065206873,31.687108458963863,50.05818562849975,41.44573683803403,5.578472133152612,41.30025738350963,60.020060036081254,41.393634902691964,99.10307630754205,98.75114997974894,2.803238021576815,62.3218245576834,10.649795864541556,58.273099660463444,34.51303121338323,40.03158924191024,95.55040030783807,51.06592284767918,46.16201524689979,88.57660130491945,94.0800759036297,56.87188588026702,39.06871604834623,22.017606019918603,14.89560722717307,88.78348265288659,86.73153001755406,28.007017315965054,81.041047621459,56.48072240773418,61.59581423509458,5.02374077168426,19.20768915298399,42.472021177140604,18.582364784536544,30.580396757593633,46.59907567284195,45.30080716822922,20.620053946641946,79.27455896987112,13.804223330066701
96.27239976216622,30.008604908642077,72.99508588073576,69.25496798941184,40.913192314887134,60.41614289572511,45.86869420692358,31.922412714928583,22.56793706965746,59.203412766680486,2.0406854511190065,42.652679407087625,18.246147617740306,38.65504744094219,78.25449725643581,65.06253577999671,83.42330695924048,8.805591821012204,17.844713779984357,44.138217826011214,94.28916446509753,66.04664686802295,97.84922411448788,65.18033042649512,38.44168239537387,82.80736844479036,71.71965038312224,14.833687443495403,32.81304299150861,43.71763429853392,82.66644962402947,45.66241837396851,55.72140083004009,42.45136788938011,34.286663164066475,1.8173989798064283,88.08621386196495,37.17935468660071,13.394087830257806,0.04589853313464731,14.002413888486576,15.222317543291709,67.92995018169024,58.885137491879526,31.102512018404248,48.58272402570633,24.2110812539457,18.01075832833189,56.61051970382679,17.17190268555575,91.35024039446002
67.36812225052242,90.86687918129674,43.08705358648268,5.992228670740884,18.364134909033925,12.361813079902273,59.660548210261986,13.203333719826126,72.42998938542577,40.77481692617031,89.75913152205578,58.47215200800747,71.54291947733948,43.509050628023225,63.912751316847135,56.15968222169766,54.08904334076921,44.45262467435241,80.48932335425692,96.2102843682625,14.935362432506471,20.63003917670203,20.678499182211073,29.67365045985292,65.56800973281074,82.06996111795691,87.10388158265575,89.01784670189211,64.22090720042814,82.9076877865112,84.78227814556206,65.01129047377036,76.4328239879545,70.41784301697639,39.42237601586864,59.27640252177062,75.23075101238118,62.059428996718836,7.631842367838315,56.95916853355535,33.62969031180549,60.74221854523705,43.20048208583428,65.6869227567234,54.3852614361311,27.21865747344083,19.11686147869045,32.30853148207241,41.40422199510554,63.04532821581456,31.29600228043031
12.036647157496638,19.949184295358926,64.45926224404471,12.72221758574571,93.04503256573388,49.58184753256486,4.329115063860267,5.076691601663708,85.41948698936275,64.36487262105351,35.42486848137174,32.006736969348495,82.82435989226008,54.43284634909523,0.46707393983047574,42.446160578444534,76.40805645730659,97.9692380890807,36.87142512441043,32.26253339934837,35.259122991972646,52.30287643097166,97.26879637652806,1.4009046256909463,86.95202770430637,10.646171411483952,33.488132783996264,51.20249664472225,75.41411206818925,21.666420679949404,19.48324361844932,41.99469920697457,63.54736755517104,38.87668381432836,55.07765256266796,5.972878540980009,84.32765107549685,20.142040370102453,64.92236705908033,3.891898394444593,54.68953675349702,69.16827237700551,21.363076606368658,88.768764538699,23.41242674272783,92.44848621716855,42.97987830580987,15.331320569940221,1.4910054116490379,54.51349852934232,54.229701843685696
61.75366718543784,33.545883248602074,33.35246903524366,14.400912793483167,78.74061485433101,29.137168512724887,30.49349698329462,66.73454766022358,29.332635266277617,1.7419717586935057,54.21089965539383,77.97097704385968,73.93550557675339,52.26488902975216,36.90206763083831,81.79003250771956,23.46146870469713,12.794390116168852,87.88526984135228,79.2410954417608,72.27755520604292,12.495521664207864,18.583245997426644,6.754274399291749,56.65637435596561,15.337460362148981,49.78370371308427,43.55985220180338,60.95661360819788,92.18728852753432,88.06415191504864,55.61818211046372,20.816818410155392,52.280803182159964,16.046756690592712,20.43548639467675,43.36067890964578,29.611825918064106,43.462909348550205,36.57556275713784,7.239847078484463,62.55232117627308,6.638524517729527,3.3294294514879197,75.77146130073854,97.82345198234017,97.59688745292858,6.948620537098405,1.0285990586948568,3.004576802054104,91.57533445285841
92.16670136195539,99.4973493763859,40.5984778701846,88.40507385508414,77.32943468640273,89.84694664603097,41.10439035250558,90.20025659345173,82.59646735124672,65.69401894462243,51.3568699067702,97.07608428050183,82.29878857836174,59.13800484533533,32.94356840038291,77.36924149946857,15.667179253611918,4.0096715481858,36.15071719718809,11.662878733542325,25.656502444726247,57.32932056403748,73.78037356055071,30.627633109053555,90.51432314556794,1.5073107079922154,47.518601475052535,46.914619916354084,36.87553927959974,12.620024287597452,22.53567091639327,23.9203821126713,95.84236443608933,11.82031250211606,7.1654032056739485,67.87969524493379,81.61955122396611,6.649238174275474,45.0905694558164,21.948264647278528,48.366162596089765,35.197594599855066,43.330700099176966,26.85976038748826,88.40482509319634,47.15912603463666,9.946132654557005,12.97813050836998,97.06745137797608,22.352806548474604,38.71828400447347
82.0445356925293,95.20750362474317,13.291551658718603,75.03820473199494,73.9356876850386,39.594700439050825,32.36814442737749,20.11520273589675,49.08860994734835,56.87187575761094,12.374519396090067,72.91541377948329,57.6413309670089,40.75309736435302,85.56481686151602,49.141985716756544,77.77452514022481,7.0830112705351445,19.209212649695562,12.513912295674967,7.156921038502285,17.186209991284386,33.41970990509853,26.128552065364996,60.681546893287695,69.25138717712451,82.18482991970303,58.93171612917209,11.226541068297923,87.40688300528204,97.9580034701083,9.367969199205927,13.097174450143745,26.444881176692036,24.369141565923936,32.49719725305612,77.2523197925899,83.95588599686855,65.09315432543468,12.337632946585575,4.7846926364362385,69.18201514133497,10.502597030430216,54.66370990308101,17.433229340362246,19.230238708158907,38.011384313776105,36.40233573383513,13.09244117361612,17.46108335412455,53.32525927121554
82.25227090206391,96.25371382182348,59.36892378248364,92.39202443253713,69.13227931013317,58.8624094647491,79.16405869315624,18.087785418441825,95.49780087771909,44.429134246384216,52.06689801161725,94.82366913960291,78.76909668150408,6.3012280239144065,31.234175468972104,56.65132846104931,82.76546814276057,62.87241268316986,64.08091367985915,51.24324933245661,55.64550988139929,55.28281119823909,30.660819296797715,54.482569661277715,15.788291303382273,41.44432826742133,38.061060444962116,30.646791164156383,45.17878913467413,18.425123653558195,63.08999031735376,63.552045659885025,90.77551767635588,79.79332638182855,59.30294711715307,32.97696257558953,88.48162272208697,75.39753114498284,91.63019358708611,82.59510348070943,57.99346109532026,65.70599118777903,57.42004835932454,9.221607892469642,20.092691358202973,10.38259857140157,76.52675937429774,83.04714093290158,27.286569830545027,24.71860465153738,15.829350562579215
27.70137632548145,19.02958041217846,1.4775639802144136,30.365655693986724,71.41555774715009,50.57225942013005,26.968480803580018,42.4284470828733,10.29838215585277,63.61888665109101,33.266026873598875,39.722483415578104,28.47620390492547,26.015435242019024,4.976327943465231,57.858572215254256,77.02634391404311,25.253989222124005,21.44856883502939,13.803594840195254,41.9801747271443,73.56675120734668,82.13108919640197,80.27380284995179,67.18535203646026,41.746466056785415,13.91895966210276,3.499987383908887,8.802084008512058,73.94004024730413,33.473500469787574,80.63591233158039,31.88394801280092,5.6499744853832805,63.641517687236316,83.43966765042538,2.3505642590056164,96.11013502932799,52.439750355609405,91.0209522143688,98.16869144687904,93.62813657059203,85.91570232594631,58.387636661055744,96.4141377294853,51.78673518202497,30.92496296627757,71.30303153999517,24.31068928465493,7.514581786718155,22.14834332448997
32.237896147218436,62.42340916973973,34.12082158758849,1.3583995051497544,96.93344305272231,19.95886786308072,27.94173113779177,90.86665761644274,62.0356727591092,93.25527027673489,56.77528829625212,40.59001102672624,0.052282003722536885,73.53941995253284,12.262378270938413,78.28031453375804,76.67963330307359,48.5500891604373,25.484955434563982,5.176842202391629,90.26941147120218,55.439897962435026,1.9397264972225048,81.12758391391303,97.71034645457021,94.39652704064146,14.855582643235776,13.319232639993906,88.74526554977915,45.36521516703669,16.370077874862243,52.76412325855625,14.789713214561772,45.81733552820043,36.065233556675324,11.101028830330161,1.0745785244058559,92.70860781202687,91.91462225453667,80.3986751897364,48.11930318474808,0.7715480770386085,62.38922644806968,34.64154025791228,3.8053869695430897,75.17737400162633,1.6670614420037588,28.19382733323549,4.915369234056499,75.23255279706368,85.15666496577582
39.075520145876766,91.9697171987372,58.1512920956128,60.60480943855497,30.57719923984763,93.7523995054751,61.48203876708783,4.188694756103118,69.04699145993739,70.81700294242519,88.74215894567006,69.43905957492397,53.54162900753449,19.041223324990696,97.11969603347369,6.867862674739489,11.28470688204921,12.544959345984719,68.20494579868418,92.53025918431817,50.5210589257035,71.08904473459593,40.942592960972945,99.535183021266,0.8949566704535616,92.28672121163142,39.24080811697305,99.07418672226348,36.94263784738078,89.61537692360353,11.697864144753922,78.90174760708341,17.22884076079293,45.371746942004144,46.483735371521995,81.34155840983182,70.87924327747159,26.571996265570007,56.16036553246162,61.48558925789263,22.002075871568717,56.40768663951023,69.64564211016364,14.246545822095113,20.303204734126655,28.186209368956284,98.75633259752247,48.3602545688575,6.708058257231508,21.76404837685454,92.49719298486495
12.77222261591363,62.00280187078311,79.90106343004845,59.89846616518053,59.74490854060937,43.651968950631336,28.182112553435857,64.31270213554343,78.52628264804639,34.72968449322269,89.8562042234707,42.536867353457666,65.08318859302743,39.97506195943031,72.70884421563048,91.63417319745197,2.133486867079981,87.37323719034548,57.153869552810455,58.05545697565585,11.575887443497257,55.59326530946812,77.20554198619466,69.98085882142458,39.1895229852045,75.74194102573296,55.9285496464793,85.64751298978378,48.580313620285324,33.719566218229055,88.81022691859104,5.409730377764898,81.76547403508636,99.81588331043103,51.92212970962067,56.199856814079205,6.414384693791009,42.0446314612359,88.28497726274878,65.44138932966139,88.12606968314881,74.7618506766187,94.50940941531123,29.84938162465882,77.58514885828977,64.64835585612303,2.721775647859803,12.824883886280913,69.72128054723748,63.20631003000437,63.449544490503826
84.52149406309269,89.71155645008584,42.031244561770244,73.16140016774933,52.834427182153945,8.080523383448845,53.99926773539925,81.35559086267135,30.09291025051999,45.436360358745,96.0879750295674,17.14209331067561,70.65499300670564,48.268877929480084,94.45676412610312,32.322722994092814,90.81106887029328,98.1513003071432,23.513749678824325,1.1773985653951047,23.48298066210933,12.118619046150025,44.60674949459933,37.749266361470966,63.975840725451874,47.849650569577896,74.68167900569685,50.48498615422928,53.25146333065025,66.21390633912098,42.83185823081784,53.839139360854595,72.02890114098915,0.8856493973863899,61.000250388529665,92.79609648980124,46.436278220389745,15.826384753554844,62.733251025540824,73.05491616603001,39.726318341026555,92.24913314151311,33.44648754114312,19.371626519996877,42.58783044543932,7.353409104857411,98.75514991181743,24.547114443981588,97.40469943108371,24.607452327344248,70.18151699588148
40.53656521864401,4.857457188526815,13.79070103156067,49.507483239952286,75.00992618676902,24.062005276746067,79.90357627701864,0.26773121178167436,85.50665322992195,18.452185055644232,63.628163688133114,86.46877865160472,9.886380072833534,98.8917957218274,21.807081183852127,74.40700350736286,62.82182002565515,3.8466466442949487,9.935913586230638,50.90901584667571,21.9713549261507,12.471087223365384,61.731602692079925,11.97407651209177,96.58871726055335,51.754639622589806,0.8932961790152683,4.493661664140458,75.23648284422923,15.575061069981299,18.617537889289338,52.544714094103476,80.72100640103507,68.11153751491327,18.668568708020917,64.91800230666294,25.519601383687707,41.931637197159745,83.81280658164818,19.155009118074307,5.988275371319618,98.21080641068065,19.061216902911738,0.5801761350208157,99.60355686857403,79.75360420159966,48.45618693322271,32.32744500763326,23.66480890490269,70.43732522839123,12.548267630524744
36.03449971366884,93.8869377047844,2.0263282306655195,20.489491308763384,49.7154701528167,61.14873198559733,40.50951147229696,12.479434909141895,57.82483076255501,82.90251195129706,38.19938296679081,71.47501175400357,29.039898945769092,50.34707621861505,62.94310014076989,15.333446425336216,64.02516620549267,35.37452728280701,34.71746686497216,9.938043474036817,16.85801507612662,57.88553587051892,70.15119669500852,17.100589611576467,43.13536347235104,92.62344141310189,65.23331526207275,22.130540808978083,21.881297150158584,8.006492720333569,4.852801777782101,99.1432068242224,78.5655314637188,79.75729414628495,38.135716752864525,60.26180200668348,59.57068719596603,17.700039680005,95.17765508652343,98.80914654702089,36.875389286519564,19.451146835018896,28.458665598587242,43.115398196086986,38.63694599551235,84.92951310652526,43.65440416805229,36.10926386068769,65.78567292785105,12.312972221100782,64.34537283639371
27.687914970132,83.06088239245335,2.923533530086686,64.5468551600028,76.12731171620175,82.24326084000573,20.906113467680953,70.5881519982168,23.81576711902045,80.38837330010175,60.40972783901074,27.66969821011941,15.691692543566605,96.07012389053868,50.471994016363276,79.2302646973479,76.67802675241727,17.406919632846186,28.154171159701534,26.36231566609073,19.610524232013304,70.00764988333829,89.4864299628443,33.66818602788966,77.2657984593135,46.03278220997089,45.21456536416686,44.34051167962741,78.85953024153656,15.234254956732817,69.73230920114209,69.52772704600207,63.464402439186344,64.87297762016033,10.366324875537359,28.866101235325125,6.1078965262730485,24.13402547391994,4.0388513110618085,20.39099441251001,47.792200671504844,20.36872679357029,58.84680202074621,97.34261884900425,39.72229424218449,54.5785218447042,80.15362563883677,62.8794151938773,71.0924392288223,68.14457402733738,91.01765022781487
44.889098448830964,76.12467573029195,94.78087742627442,5.518107816289519,79.0808689464909,75.02144058901695,41.17744668629242,89.7824914212246,30.456034470108573,91.57030606704622,10.145891475353341,41.53509624430177,98.84947439193316,36.72318433613599,26.07872158864054,13.90654934389255,55.380592467701696,56.775930744334055,6.495597365137962,61.92788940838605,2.814621447217347,1.9678532567097173,19.890159288710375,25.215084727958402,27.951809448039132,57.57932921139103,21.715178330443795,36.13329781657028,21.077423722284074,31.767712347116184,67.76809410869015,28.932265464280327,72.3777900871911,95.6554453034788,55.38194229720723,8.213972904568278,35.89829724017775,25.077932087253284,24.64306525137371,38.5985897609048,45.959044872277865,21.81487900363689,67.94489349226109,95.63830700589239,68.28237512905442,68.859130495464,12.528803799671529,38.8114633529398,12.241682621657334,49.68331841294415,64.93878719395641
55.119839772601395,85.38990045889456,72.82043355232805,16.238974751645497,64.29047189469256,56.39518256926112,31.59811676041838,6.48657272157207,43.81589989075908,34.623270393565505,9.187074844969667,24.998838451797145,29.442199640190346,36.85440813369788,30.899271912614246,49.287053336671285,90.84842592210438,70.71353429074195,69.91667368105004,41.92275616916873,13.555602669559462,6.604630776212616,92.43202781916928,66.20781794475168,50.080067148961625,87.70911506304063,58.74241340788829,55.82721293524614,35.185886105104615,46.13283323416504,3.259930457041438,90.73897387117283,9.908430436395843,90.46383152242046,50.65670178213859,9.098341840163327,58.68581991146814,53.60335976655656,11.482019817540456,49.86903258853389,44.26350116891171,29.630502127341842,47.80120988650193,21.315977713211986,15.987229023654015,88.96259935529446,59.999934733360924,9.618387607206635,89.78730015343552,8.051463505378953,10.921002356021404
3.9349340416901746,60.51813521676633,74.74260756839605,5.497583014715501,62.4914388750973,63.51777665034998,98.88158252758774,10.194052114350715,90.82016112047747,6.834511118770637,12.465189647206698,66.93495826055337,49.48411686365415,58.31381111391051,88.24463002708386,91.11304648838991,34.26168145822379,38.766944367485664,67.86529320236522,27.4816827790761,68.68084311096769,79.95022874887052,84.51036958420008,61.02464977238452,88.08786565200309,81.95059962442186,76.03899859387565,55.52400710953852,12.882965387548007,68.59873397414162,58.718306606659645,9.329187609289535,54.3940512198692,57.33538201933752,87.31292836798649,6.0937694245188805,51.46301786504789,10.49712902836254,41.5006914520424,65.99314422442347,25.034535772388434,88.05073648841181,25.294335639146592,52.94026707408936,36.50416790416151,35.64241094668561,63.41584354402898,25.274494967470062,2.852813159782086,40.800460603503176,83.0900475137328
63.47563963569425,0.2558235438015144,72.91836733125128,62.58732104826329,68.84917394511665,97.94671968071121,30.974283667968006,18.07207603074833,69.24346260683294,35.09662076720983,52.39480001427248,67.67381825425694,59.19679440325957,12.960834747095918,56.387519313003196,68.634167946698,42.13067254706942,21.283238279511362,2.6002222523450302,14.595518639333394,89.4257558235144,18.383081284270265,81.8105172284888,56.093188885729305,78.3674549954944,69.61664849945865,63.37005515656138,78.66149770775343,51.88667685298618,2.6658147530074117,74.43056834733038,78.16946934886269,88.60259653009359,21.856487182966088,55.18725089148754,78.46338639557683,17.03875431130042,61.8467836288824,23.22127525660581,91.67080422113654,95.04239594394636,38.81054752684936,92.814939892051,73.76618963948712,70.99217379518981,28.927755388923128,16.918143940273968,55.178653966173854,60.12842706551431,69.92916352760379,1.7243915598423643
98.69889132638063,80.65876101271678,58.899892570219215,58.347948846052866,10.240260852005578,17.73227495192826,42.44473779255544,7.93809200227471,80.13158248955135,30.49370163301459,62.7322489594639,88.71995309786548,47.61213138525212,75.74602569422845,89.76898604650411,15.173206121705574,24.90559864871581,16.55271870039443,98.11518299035339,63.45440920859509,93.34131692260699,11.755939567332108,19.196019465063184,77.90132103070908,81.04977460472415,88.49157027478056,89.10749291178772,87.69802745936124,35.91369159117643,90.00832331550626,86.22177152301306,48.9356147329689,97.10837092357414,55.409268471729746,65.9432949592107,42.42470849258895,93.96397359028084,52.27654852626228,6.682030089425417,1.1214043397554274,51.391165676537454,95.17863802512201,11.055917368003298,83.68214140740888,39.21402872195483,13.518901853264243,11.713242024305847,58.07587336637654,55.61837937810098,51.5046307091781,25.592146778690473
6.943438947088354,21.692658676847987,16.494614878199787,48.82683946061087,55.206971033902775,90.53788759639991,29.65668104392928,46.514645599087565,13.631222966922142,90.42864190257663,42.67772570617354,0.005647855994028728,61.37379414701023,80.43896768071379,20.129706334665343,50.36058895727823,78.15835913952898,18.40373933713605,72.25346461962526,46.93237340698793,47.720829986588534,10.106170128553826,36.17474855756275,36.45312541148764,5.281716370991784,29.50205951073227,59.24391338405536,61.82709997041375,59.34763453968871,41.2896459466234,13.700360590606063,76.50327161019666,63.404259335144694,24.197493333344333,32.53491044537156,61.97560383765143,92.33854419519362,73.25201853457911,32.28630545217849,32.05648677940588,17.294369299840305,79.62774630939545,84.59932989594539,93.1431713415691,19.517232503616434,43.88707532550673,82.9104701398548,79.16246199411326,37.25985896465398,1.5976675907464433,77.37687300670179
84.68527088547093,97.56291412570873,32.96652047688306,13.13116217314233,47.690154744107225,2.9164751510372233,44.88440142528557,16.438168836489208,7.746720017808273,83.98650288394442,23.11262390640778,15.550011440131328,42.22491790380709,74.15740309720795,72.3133547797127,23.884539490533975,91.06404326621352,84.25748193910346,48.18861713981567,58.24868425995753,34.85579309165345,65.44030257527892,18.989199097941555,47.583128041259535,87.20260667751768,89.55006132411292,78.26952347768963,22.24641698469124,22.848786746599902,88.30052702040886,65.82159293667635,57.72774504326799,43.751457393359736,79.00366718295676,65.16213236748804,73.5381437389286,24.472757806045486,65.41806557822176,90.98669915951912,1.9467755615614424,42.72095521768458,97.34334495987468,27.534407549592498,82.90501783377195,69.69464887112117,87.58475926487147,64.85332881105793,30.96983243394916,24.83102672730616,84.64387739525289,70.93299489677563
84.50707419805305,67.67280730906177,46.212716381947175,19.959422394199557,95.20547535630523,31.65546155044332,42.01986350256068,2.098858232953482,71.72402141754262,29.78611404796019,18.22705628761838,9.82878537579709,68.12409698640344,35.49791567272202,99.1607802088701,35.88458729435659,53.32225022734399,31.09899776579822,94.58136135761556,72.0850272326564,66.06324786082685,11.689592080753574,71.48837905600291,12.39389955992275,42.98813528780493,37.906869646767994,70.7752040558461,53.26220010592326,1.0797190457884742,67.65127327642713,36.49285507054155,30.806853099909848,64.85546969702486,99.6490359196036,27.342174791874406,0.858819528558763,27.88475538234938,21.167235894448023,3.8838826540020244,60.70026753412593,93.41590650005475,56.520923135735856,55.095601672020614,6.467823917298943,86.22655746819534,6.690637271140276,52.106800239876975,49.54788224097726,77.65111358237088,47.391134095002954,15.794905943987736
99.6478283415958,11.06565393816391,4.49075676148758,29.817693433177972,73.59860038557812,29.5398250427911,77.1365092503333,6.588750356932072,66.26060241527392,31.161771912992,0.8617876993645912,65.96930319342871,29.700271012776835,12.191046260158188,26.001809822241984,75.29373826153551,70.23936070649252,79.1123639905515,2.917734581932363,90.74366226756383,24.68320644711106,57.99644930636373,14.434912724499727,6.550554409351584,21.62992430268259,86.14727178686739,96.08021589163307,71.09222910370956,6.6647064813454175,53.56412675122463,39.38548899871967,62.65661557091806,99.11339729540425,72.88734442674547,80.20871210870317,44.55201891253058,46.984376096210234,49.33160038512079,0.23935907478357388,45.309459908969274,62.08178326033872,43.62904493674231,78.33250219047238,64.01335121623902,92.17984032031092,24.985664669625475,20.934198957859373,38.117945204129974,1.6968802290341922,60.92646701958637,79.88703102301173
10.50489313079207,94.81166929891494,37.76311707465203,24.344832998431997,84.26081649209371,80.70149326660521,32.02015428446741,64.2571185612284,46.22622424732275,44.83857521289065,53.756501578945226,6.0351114960268575,50.89070559004308,3.7664150403638685,84.76100181624568,28.05999950488922,26.943295257043374,1.552681158409508,54.044413736482554,49.46100905393974,98.95506090402712,60.44895126464471,29.129419690490042,33.05952605512111,4.7507722463073225,18.894441953742337,77.72915595808753,8.193885173245041,91.67569343453044,57.11104601390231,35.99224254089546,91.26771590811907,68.87340003867895,78.2866048896917,0.9386351889928646,66.38135892295857,35.22027103581562,96.83971287121493,85.57453577355393,41.8771581654272,63.95786235299803,46.860707902913504,74.27675651244724,61.624014987272545,95.3104862413019,52.46604262667554,58.238117795699,69.41897758039597,63.28665825334109,65.05917003799487,11.035104418495035
50.0558848355912,73.44052513977266,87.19736558950117,90.13670930998524,90.49268220456932,50.34934847109421,4.839051630930635,94.467567710439,19.111186117106783,98.67606456572041,66.60422553130253,61.87912561133911,31.242674520816415,12.427175305015204,26.945592249669836,8.863214440105615,52.293591141732776,36.65747726922226,9.905621446052793,9.276652153160791,36.1365620688589,82.14094639316141,41.140961114593786,79.5959333192961,63.357162621472504,14.598446987188773,27.74594837659987,69.90887858331004,73.16085339386102,9.66745626845389,25.99844778718834,46.556713864269675,47.46002606000263,29.575013693116446,92.00781230862745,70.29796148017364,53.2415727119936,19.91727745366889,70.90461222522815,61.39431016958915,89.49415785311008,54.578801780729,97.9477987716825,46.74184685306453,96.63365010677651,68.58913082831336,67.47315340645753,27.30351677240953,39.27732481604279,93.37662878645979,74.28047495627276
43.99654135032889,43.79531118959514,5.331099720059662,58.62484855973352,49.773984994889375,3.8954758993343663,98.27798069464258,91.41172980919893,52.461753183855095,95.69194565043851,88.9741613400223,33.08929637573668,43.7671241870278,34.61407838584141,42.808019613467884,74.04154877598114,32.568930492823,7.866582363508179,43.6242764651219,15.799834810412905,91.69789563988472,70.96851945340426,88.96413817216576,42.73264108726281,31.058509643345523,50.10389373028384,64.28897111861428,83.33889833624202,63.66761327022395,50.5555125833394,81.00640915640824,99.5535793303814,98.82435631561492,59.19385067163866,89.97143045866649,87.20877605564633,77.3681994340267,37.22915804868801,71.17621768815047,73.21223035440214,42.69213745275506,91.23137021152064,28.4964692422524,74.42035760293662,71.26133763213535,91.87955228758439,74.83707963443877,1.152560451481488,11.817543696749055,67.31239202154666,47.28777782771437
70.2094330886563,19.199944817706903,17.14173827662815,63.608005445167315,67.7847608727304,32.5755737812811,7.649611524294009,93.59436164560788,35.55659476971636,6.810284180822379,93.5088499962912,90.76301416654377,87.96507790343844,16.109515549684428,87.40643021270557,24.978001042924937,53.0025123117378,70.10909380255683,31.835484701040983,37.55539373099207,41.31384849928753,62.39277121975633,97.20372022881828,0.8124421016497019,39.127827494184416,95.36456795264259,7.658661676688883,56.44201163691533,51.52991881981561,0.5836136313767115,50.966201456586425,53.86690288969176,72.23580093542326,59.140677422315015,84.26907485361994,50.23945437046267,23.232763244857647,73.22417512557263,24.070181247553567,97.48997929357111,32.4572699069415,30.59952303440704,23.986755570150798,17.339079612709686,65.40132983430883,43.56735611711973,15.500489101685988,52.72073265802818,40.26840572382412,14.076351092805773,87.44763685564916
47.32089897370102,74.17788146809603,88.53611337028553,15.990023603743397,23.3588658112436,60.165883656236005,17.72515344388321,77.66302756598115,48.11867862533939,49.10909527757635,48.28302565542801,94.5223475052003,69.87111899124285,26.80286718284939,92.42459118508575,2.9508997662015646,46.908978754407215,32.12975670483249,97.3770742445047,97.3031029284713,87.67216535290945,3.267674793732245,20.76592963862016,1.800133411099747,63.07979827618452,93.80877087933828,84.97381185760712,42.867456204887176,85.03213921224335,6.046694576699996,82.7690159495037,36.271541026562424,50.25636477502139,25.03264992620158,3.28570829098912,54.42676645498856,40.543130064901774,29.375858030393843,42.012460175282776,40.55643031833035,52.314066687342866,10.182821979718371,27.193758072199792,19.69367258578505,92.92083774433884,85.87864718400301,30.608139155577994,87.96937670060622,2.3352240112764155,2.5667005474736104,82.63328147845888
36.43015127324332,92.60134219768666,75.40056424238385,98.608489454919,25.35617440108616,91.934711839023,19.011825538958792,94.51371428593396,64.03361449273804,6.657808111132601,56.23379889213817,17.602848975857,81.17137045471556,61.26944847367742,48.88896932518677,26.834943578812208,78.59979968192663,89.42248164449356,90.917990655115,23.805071658642028,73.13326892609437,73.80864144847405,47.22249122843248,78.46931280382186,80.53375804557136,62.58690430869308,65.14982578968281,66.39468627348441,8.14909869664091,21.73852854801931,86.30004543089385,36.13823207555156,22.154054731532767,8.668044520158757,62.41010021393741,83.92148184024629,34.90161504767117,42.9312681575868,87.96993414163137,68.65209679337015,18.175065064789663,81.80577743165986,89.29980235137889,29.121820006215682,55.848263686730725,49.49866686208597,75.04628421754288,79.65616781904681,45.40659355801409,7.012438075025007,24.20133098090943
27.42909303605573,22.56095533347088,81.41633822042273,52.80249440175939,0.6063951127995626,10.962290937261898,33.11242552464652,28.618071865098305,2.3299739062050406,13.741087607610547,48.43376968490526,76.18749183596182,75.46481370890156,6.725349851643103,33.338914163384295,93.77655547406995,77.27673256003021,32.33404132518011,20.017084803478845,4.212856221802763,0.538191035834612,76.8001873341586,1.676822139339107,15.249393499764741,41.38597486556219,64.69151105411008,36.84596429238065,37.000825190648925,51.63854603934206,37.90207332059128,12.947389602782344,66.32805622899951,88.9679444311196,18.190685114382166,46.481319492327444,94.15921850046217,62.57693746464932,35.65556663017277,74.28432819609009,36.75401450532,47.545972852443526,55.270432002881265,54.62712223381082,60.42253475511463,94.3796122388625,54.947255160857765,41.12280613453605,1.4830192356302008,11.912230904786759,95.85292646272794,60.92933552368886
56.41535420991772,25.624976580557767,25.293594524022435,41.170968507677195,7.158564632169762,90.65146141761319,55.49506288970749,9.372242741516533,46.27626437862801,85.09644880711068,1.1520053738769187,64.6660262782566,43.17297960685201,1.0206843746469407,91.18688158673054,60.614260919926444,63.07574577779732,32.94622028848331,91.19871929282435,59.26041885048924,94.67285572068617,1.9034921268433203,99.4137334391259,33.45880296151115,79.8705233784573,5.368865809443191,64.75236730868068,24.214997768939206,88.17138313011604,68.25275797841758,43.888767056033004,97.30017805217692,90.48775357881703,75.39707542457779,47.943970908858205,42.34745733758454,85.75455990237599,86.50306908798964,21.574689446994,0.2545566631188656,36.416472168858895,15.680626904667394,88.27459331252943,23.223270858831878,14.475309756204325,46.629276069653756,21.54412045529134,35.40660496539929,10.545456443839596,52.97097688844906,21.23797915860247
52.49483134511017,77.73567104886902,11.449369532863663,43.93608257483385,98.76773022300213,12.314156351196214,72.02469648259691,39.91883438603784,91.92373345950219,49.0017796159128,12.286604726772566,59.64750082235677,47.103974245940364,8.195638586191889,69.60271875921535,36.284666075072266,90.42022926504187,59.27439873239512,23.68595431928955,97.01357012670022,72.92812959777652,85.94425231746314,5.077322952679275,40.56969998107023,21.17976742487182,92.82420615621284,84.88633360062,21.872424454845174,73.36773731772334,25.54518056555237,7.970335226798064,0.6013571630015258,50.90256064412644,91.04640059691498,6.828257995530985,52.56675409616732,29.212612505553416,31.193218254751542,68.24842353551121,41.52962022205019,61.77348119012224,86.9620377354428,81.9875144318439,15.485119054392804,67.14741559712097,63.00671843247293,59.86606878146395,46.914198966397926,84.15771253701678,51.649798866529984,90.33547278960471
46.43747111434426,46.154396117346465,32.57892873907019,74.96187516781833,52.516440548854234,80.36762505322405,32.55853980221519,36.91208872144045,37.48546858754236,63.44593919224426,87.74005321991916,62.17711832277211,51.63917300132934,84.74953487981824,75.10103344545453,59.670825916990864,18.13872567159641,99.43656609090128,69.36961229159584,85.65018158476386,85.26043671715948,42.36908219484109,10.619023605079015,36.50494429096041,23.037287466908175,20.890791653560115,74.52488647624071,61.1884799723596,86.35893912767435,73.63330324453601,43.08677162990645,70.92224066692131,4.695057479003428,78.37157457683966,29.808347924059188,25.75878685777566,83.68066343090622,48.19785714620098,38.23284531083967,98.25269724186649,75.08128566472725,66.79256031876821,3.5507143869329294,62.97525508452016,55.34942836389535,23.271233187880735,99.40152159287271,85.96765539011942,2.1600483261372094,28.968744959649094,26.86606121228312
82.09271859571432,44.022595403635655,12.54053755407767,42.69362357011913,17.726378139311706,85.97058661402185,98.08324463984322,94.96770681335764,67.06032047860153,32.79102752002613,48.5830837704345,9.55888112319111,40.333837845909635,22.332201591270984,34.88961231150459,22.14772085629202,35.187824301487844,93.56919921190996,78.2831272088016,33.35396629588262,72.0302231741179,62.993248106388755,30.20251065671744,10.674742484599808,66.57257839026394,14.726935592768807,58.031837897095414,78.0937219083307,2.061699929792371,37.96879490603003,95.81753168531104,58.40875453381681,63.59186170111215,65.50993127077986,23.125630968963474,42.86242497313979,17.89841170125944,23.184133357269154,45.011734039945175,90.6429030325973,52.97694259567428,51.55906412270238,28.972030586025344,62.31649265010324,7.424245546717478,46.36045758615596,97.55180067504023,89.5590398439939,72.79461589627564,71.21225399698764,63.251928342077925
38.304858837606425,78.59204123860322,5.353511474489103,14.452463424028494,55.95073649810611,80.02614302336679,47.965024147110846,32.455418321721275,60.814898102663825,51.04561070350645,53.267255873137934,56.87885977763385,1.3363701367276049,31.244089842414112,31.646917922165898,36.41451018126488,47.315110064816814,6.868454401570856,1.6501557841403058,59.07659970677894,68.76513803000263,65.95704830937198,61.20189713498026,74.68851030703694,46.47438906100202,48.860306843761805,14.092127488189165,98.47923562157452,13.495137330093543,58.254549268805135,6.094531086264365,93.59532503231944,19.157078515655535,24.307085836575727,61.940340682525274,23.03200845529495,42.34996219606747,79.05418782635996,70.71978838827462,7.854166178780931,54.46720227334112,25.82279279704689,85.37728737234298,82.19211315899423,99.99469542343358,43.53030555525438,93.46440635749505,4.662639731924079,86.09281389864738,75.733562931873,18.98232053783819
97.81352942780173,87.93038764973869,28.275063683821223,46.607966336286324,5.081671555680445,56.76312665830977,32.55053721347952,65.9431968280217,79.30572615867146,20.676419961459658,53.58462610842093,0.6454694322790333,11.054648799134515,9.748675210678925,61.066901717416435,45.871432979176205,68.50247971351075,57.50646946204001,91.13575593768284,95.3678621600697,89.59045006192832,73.84669417710955,25.732229784660742,79.23764588809308,32.43864972021506,13.217646546642648,41.56104826771019,49.73481003268488,32.90534977833974,7.310578899898368,36.450586663732764,83.49591325810407,49.54551206863738,55.84118701290398,36.552209192473995,74.59812801027826,9.347758155290508,69.25110232213831,89.57878989288804,61.07057642790183,60.45435723338699,43.27717539538991,30.824658030188658,75.92064337231523,25.382090760235553,14.71233820234773,40.451710185784805,55.541642218317456,2.7912622574019053,71.85864531886766,38.544283635967645
62.785403545933036,16.956688652928452,76.83883356770656,48.41836202617811,40.22298635657185,69.30763091344936,64.68390848305899,25.068076196730658,31.003837262045487,75.09750716695473,64.69875696255973,35.04895137615968,65.65497383416954,9.4641310656705,46.56156177124291,11.771537254624453,81.91622077665063,89.41591183064529,22.547011502564818,82.94856955480647,41.882597842856214,66.7810020108551,77.8908296826721,19.288771049320964,92.21309880713562,5.2591386327763505,91.08116297120085,25.430471006880996,26.612016463541966,80.38871436556522,97.54180072216776,15.10954685980439,77.55739241946546,96.8274115368212,42.975221059049495,80.37085727161755,51.21340644731045,89.61315013090652,74.55728011278451,58.50023701784861,89.54942323075265,12.018185673529146,37.70496889260899,35.19970133178061,50.85408623400782,30.20021935077105,45.50161760714385,16.155823400754954,90.94715224218555,70.9097378321016,6.4268042651023265
38.91136558129432,52.18147789350769,95.13502071589947,51.05734224445251,66.83457627658753,95.6557881820851,92.31571444415268,30.86494359742059,13.726265163514672,21.054449265699738,83.57950682723137,69.20527657687444,44.9330872193595,36.61381255412357,99.21510641144422,57.778977876476475,97.87861157723117,19.17584399108104,28.62183800116562,91.44457043899531,22.317875703582946,32.425502454475065,60.5344310517591,49.18387441306019,42.68998936941383,43.63209740344516,74.60399123889371,73.10764440979575,79.48858467359493,92.44104606811435,61.02253498351007,6.462101506244466,5.015229352866724,94.95733823766338,6.729674246155215,89.85695394062323,20.995987416729236,93.3725791495419,6.040358978085769,55.482957267780996,37.644028926968545,95.58178332221827,1.453859724662676,25.604930643585043,57.29180904696051,64.06188548432152,79.52753331016532,38.66868108046583,82.6995104277722,14.687050986282536,69.80489679031633
71.47962349743965,55.85035060496517,47.24976875242054,94.66300600996128,26.00714389896426,24.407910147545074,77.23489054395772,0.8426922003291093,13.739066541506983,55.981054148394115,18.049266805781095,62.604064189326415,62.69624638557117,36.56889862686006,92.0221392465967,65.9152539161708,92.32491683293003,70.38334381427394,65.9783832844932,92.50974382236421,66.25696824158273,16.89749930920088,74.03109299102782,1.539296091199327,66.99253246818863,15.958408612934427,83.83996641448782,83.42228512391205,96.6217383545505,54.07463851808034,95.18399159869179,24.929817166667867,59.990201700981146,67.49443132510297,96.03028845856792,12.837805985257944,27.13926451969657,8.356910513949911,27.78930057242126,25.77515524962709,64.38242733708556,73.01612479165681,23.297608737387232,34.57648520456436,42.36013953743809,10.413817707786643,89.41074714383232,72.59697427360841,4.112407566828413,9.414367683884405,43.078465907129505
48.76124013230873,2.117141473556483,8.336247659811736,5.631651796135683,95.15685073108912,9.766346238176748,54.75068353259854,55.41305162298657,76.62172856610408,18.819453570252254,13.436111610759504,99.83467767580629,72.59893620927221,95.7161701245835,35.273183729433164,14.930118727560448,68.89883535310118,71.86155402320723,37.07766320817512,44.2092321366009,30.164923523915967,29.739245425898208,3.35392269866035,22.06592229201938,91.8657917335045,98.43592362007351,11.573851356197473,49.065164427203165,90.12678101579678,24.69303383365361,72.46548716260214,37.33372394838755,97.79468727979149,86.51946888248462,53.69453495241626,4.440575617780729,70.78458142466796,26.523526297059018,12.463957590228548,35.69301539291617,76.45849293800275,57.016089418678874,31.949656365613667,90.31927004150626,92.83894614089266,42.99027177032422,70.33194031920522,13.759093935702204,53.114320379929566,27.452804212996696,36.181831854691836
45.9464694115323,88.2738529790467,84.99850807319349,64.41531419505344,73.00173335495882,20.61481811734005,72.93456250602267,45.357869245760874,98.43604019519998,34.08829515434992,50.85599212843339,46.74896107569085,75.3441432988856,41.213248454134586,49.53825774644231,94.16828043197796,7.488873870769764,51.02306430919764,29.983957145705375,66.7752975382477,19.05939127002313,70.72882468344017,27.869023282311357,95.15507266269654,18.928562542947624,22.491467050112846,89.9095563783387,46.56954917037288,90.55903546251525,0.20874943525526213,4.409365993428804,64.44848659122144,93.06219841563376,23.691526445849753,72.41020078414522,75.65002796057286,39.89120044100376,23.4625118787782,42.84899184522075,84.21017183804047,32.69213121032156,47.60149045759602,23.55445825899325,76.93964618828714,5.301460355406529,3.9371237171777262,32.67166099322355,0.05973772811992406,98.69435493206653,37.352694673837405,88.48614099234595
97.90659773039975,54.70660485675987,0.22466121999158428,77.11428797655387,6.182175487881669,65.51720069177095,34.357439566924086,27.31385011973282,11.660758856732222,15.89361428562186,28.684364690651666,29.14313186541222,13.932491184402917,33.42807335493762,36.9509957482827,16.919312038412894,73.77923117803049,17.08896408864269,32.12884254465942,98.33517846983814,56.39178023431503,55.32773183276514,42.64451085791674,32.64694305585021,40.630639690912965,81.37147470336724,66.19901360956452,30.49555598719369,21.30370713041391,58.975995328743366,80.8180980822794,58.109205235355496,1.4745064080527004,22.31817720182364,80.43087669858464,84.63601851232187,73.34917161265268,57.281267287360116,39.08236863926287,24.159944679810952,20.963971789089385,98.67054828321284,52.57326153848035,8.309126609541517,85.47290188702738,97.71565506854553,80.65644759291429,10.934852383526694,19.6291483507706,10.069497341482393,92.68919556504119
39.44047823863046,57.45575253670321,82.77314883581,7.920053638058033,24.08626535680557,55.27533839477229,39.01681552055219,21.586534609304653,40.26354574220748,77.35968066747142,68.3384870553972,62.87583833279625,31.862686323734437,82.95086085227695,75.05503969784851,10.73250293059509,26.934386355085284,42.89151743333498,27.55895188282662,93.30657607383421,75.13928027476491,61.08747085699008,11.080558718262667,4.00344568489227,77.05459398063942,17.434403206549575,71.61143325599694,39.76329713397207,7.241627674411144,12.396063357305664,97.06312827168585,11.67546961367173,40.8416818908945,48.29967583895988,27.493498951245044,84.95813885952751,29.86291534977227,23.84575945689249,26.49492879909866,34.52953222254388,34.83327153512115,99.60728274835114,4.41359297417947,24.967321593260905,47.81072592155559,33.00948987533424,56.95742571419172,25.82263183320771,23.470658895153374,99.32073671032892,46.74101598989663
15.163496641951346,42.21594931007926,8.004392413363192,84.47314567266996,5.148234106190664,54.91730461053543,52.49659405168771,46.9741390217716,66.47313019858527,6.852804902969489,6.965748012854956,87.4753997206718,91.11673658056688,31.076701436839638,34.20409850959819,36.409180551087225,6.1838740266962455,68.539021330075,44.67672537257806,79.21015564496979,10.575357187503432,44.555000703069226,4.015800706581974,32.61248874271465,92.76097744938467,39.27592394326312,40.82868235710928,51.323373513036806,43.31232292141141,80.51155711213327,32.61413525584198,96.62105079750707,75.45988167979722,50.214039192132454,43.527431769788336,50.66435498957832,55.37773579315073,63.650297231169986,20.72495900022615,93.01921699135454,55.73646538375707,88.91084371588802,45.07979095830261,6.612055888379609,74.50197368285606,29.197565812765124,83.12637216562703,79.7920951055388,88.30227549280974,5.252961406648571,83.43851402484304
5.031939437622768,68.34907500505632,4.015113631862411,84.63195354798478,88.90541791027987,33.981353392721644,91.58310712831756,77.66179402555156,8.788258247330438,83.06668622202785,49.1103219284582,54.264676478723494,0.12018207254396174,26.98723727948923,40.03616566815038,36.35189550763883,55.32845952664835,87.8850475430422,65.8085906903948,15.742480332945219,89.71580209676776,55.43524533834236,19.573885030178275,25.327139080550232,87.41867738298295,7.574276666982671,37.14253816412835,20.625408776478128,23.63898778979012,40.35885039050589,29.020049420786687,93.59287733723927,84.31930018895368,12.260447471455649,87.55561637465902,72.33640105474541,35.540262450831904,71.09253871292826,97.2398743550066,7.916482084016085,71.21351179533123,31.309610685929844,81.38984936826587,30.708519414411594,34.91446741985421,0.04563034981909242,40.73446842348653,57.31181773382027,39.248477934552476,5.345690768850098,68.48466524922753
25.77196351346539,65.40781025346945,94.04019186791442,47.349712429198135,58.55072763763324,15.049985244996101,34.38587980022232,49.9420421662898,69.28653643022538,76.63526145296625,30.64231701042368,63.942912517924356,4.039263673350302,65.63110532644039,97.80182014481316,60.92828264297737,8.74505621449716,9.026369372644416,44.11876483431071,4.0685603630279505,44.76438629160523,84.2255334336746,76.75893275365809,52.73859284905945,95.3306494883911,1.6848457740709866,24.285143175118495,91.19267942070758,41.11116114609733,45.15589295080985,19.103723112560267,43.13891159640245,90.2716564741305,66.95346165874024,53.46365359367118,88.55153302356582,0.8051328246166722,46.95365621258284,16.973608562893194,90.44212145341116,59.98196857676464,9.904493229077993,85.08500760303855,49.44604067123131,69.84356639927202,41.14492359368619,42.67508064616145,9.194586319004806,21.716433064114515,19.60819022582906,47.3808214305968
7.291657112787497,30.376148612503005,80.96527689088616,63.336346311469214,9.748071800708846,46.89949475761177,17.083243913121027,97.83609886644082,50.39138277031746,35.01133077190097,4.807272667291507,14.7303170017405,32.29210857604284,51.18665571514679,25.635002360681536,49.451925170090526,62.25720888773827,71.64571274046841,25.943087083031703,88.72305004273655,20.857237330528267,36.44739789320749,43.66175216543178,84.26436776555632,1.197197253475002,0.1992560112164088,6.660648641330225,22.545084402138183,81.01843398829067,33.56034859574811,64.75120578355896,38.28304144270718,36.69312831429919,90.75015442367503,90.96333504985577,9.940871978386634,78.41784422430045,58.72309587775163,28.12790405127267,58.36314334439853,7.009280408672702,40.15963127110983,15.838601606270963,22.534673884618428,52.63974170499714,88.67448531674972,55.91203683275416,20.496459651526997,28.14208497193408,59.61406198447294,55.066890036873595
62.60496551282372,65.54800650833968,99.10384859251414,83.98328128940659,37.38926723819753,11.666086166095468,96.26981883160617,42.13816628116599,73.9116401543752,81.07569627875411,29.381866432821703,21.197594440649326,21.552816901856396,5.157932791999809,86.81296980576624,63.42112149229546,8.24341688772443,14.603818564611004,47.61016956433522,25.41615410800866,62.82822125676864,35.11235038313521,25.636588803454362,90.82043544868309,74.54627506831493,77.6130812879477,34.04183640745908,84.14485117661773,4.637079593094118,96.81410934863949,6.047320757003938,57.5735500470339,50.48736550624916,53.38984339731295,54.592440005614606,37.730940979473495,46.19733184696866,72.77804350796073,15.272699657478094,24.70679522273208,82.23867685801942,9.980468424667466,6.014073218420879,37.31831898114508,50.05406911037937,36.875055189888485,35.586983816388795,16.89321188101016,29.063908133736216,99.58969812583337,71.83115112250623
36.43551385838192,73.19647871009239,57.841669879948256,62.275741762798695,20.67460247604488,41.756936623356786,95.18906937140888,64.33653854090485,31.52069858854867,59.104320653644585,46.17280368102625,52.36176217049305,29.144877327278618,76.59281826534435,55.86410299069481,54.64799867712159,46.67493200303547,6.215537720674035,24.699007525412576,8.09416664879532,82.48658773169976,94.02750737459571,39.82749160108635,84.91200554254591,30.122444988124318,37.55718544709874,78.46684921859949,86.9680839450439,99.65633785349553,49.902869931079096,74.95381521524142,35.72805729670808,19.5286016975034,14.228541473650047,1.5371022417169034,56.20428875200892,9.39887136670432,63.532770605792734,87.93748565745858,97.18448628714387,8.131580494555868,86.09603487635682,9.468822736545036,20.024553637089948,36.70630901950124,41.091867724209095,87.62462651990329,45.30881710794833,98.24672642101503,12.778214279108024,48.85940237942966
53.296893440661144,54.88762632109817,34.549091011727086,45.7152842184846,91.06957807568006,53.85770256571033,75.61462672927244,39.027377850677944,76.80438780408667,60.77863268567453,68.37119850149163,76.79252520749299,7.829998287079876,75.85467002725693,21.42783844253303,31.17237008676772,2.598528700821401,17.426640571406804,65.67410247873055,92.4127996978852,60.23257237883296,86.24231839202004,81.16737361864178,72.69941478103081,94.60896481495105,76.28612083426633,32.81633246773903,24.66365026849877,76.70335066915459,68.09004871182478,62.25650578130788,74.36076518148002,93.80530329193586,66.72611712938948,88.92661244267627,95.9842689533704,88.84229561541548,75.03229810284203,72.51093075270445,92.01684129662013,95.46581052083765,11.343435468844909,42.82427140261926,42.30795967640139,51.176515668776936,12.429434094283831,15.11815595972581,5.527309440232864,63.98602066069976,48.16392296568439,95.62607295602436
60.21269286020255,65.85880963041394,20.62939432914799,15.456852831004031,63.565470146166106,9.187414911066337,50.20898306460093,76.14631984004674,57.27638826732758,46.726032625111856,15.085987276385671,54.45557530128,88.17573092920227,32.841371395166455,19.374429963809824,51.42724356323235,1.302947458170911,4.636010213801656,37.149211658693005,39.539448558407706,43.36578764967811,92.86292751411253,29.717532503057786,57.39782900333097,36.448478804889895,8.366598883391884,78.66713059260658,19.037840900567836,28.010362202322558,93.7968618877976,15.695156409177713,20.994300049920533,36.85056227792975,52.552867422410024,96.17946890534988,1.3945273070325115,95.6043718437169,90.1493149029237,34.18182433091433,19.636223466476288,76.43726230329013,91.60363136688197,1.6571008691517064,61.31905024151729,32.67312834465381,43.53667330160388,50.353549231604156,59.35984386074571,24.791696414229712,38.24484003962494,76.43260626520592
56.59381393029725,40.67759926607043,21.80930897410056,47.65429381970397,61.079896185067085,56.75796900431236,99.08508812395188,38.50146814710045,28.954779174089463,83.17902072146536,59.64847990715718,57.128562788992724,10.059005647149654,72.54202818301417,68.1296331005545,43.61528711085968,42.025852623280734,20.756204844495684,21.85474042555835,92.34864004808752,6.466858086860561,36.840554949428835,20.82702246432667,45.439821873882124,16.323536034079545,98.24122299013212,18.403663946343617,58.52566531241806,34.222718515039,22.412643575520175,86.47871415007373,82.08437873069659,32.70880756900672,80.05617410955621,38.37856387472741,2.0760728377116955,79.98402351642557,72.34265867118417,84.29946251534422,20.579401542514486,22.289901006348835,75.90034967375068,37.26991456039486,68.77387995026466,54.55405982552087,82.28799127028866,74.4861974519835,23.09739328616647,3.714981632452674,25.00031638538762,30.417142514936046
40.39437762429515,59.31549412116326,23.32819314164102,33.03404751979097,15.101599410279576,51.03994184411362,88.1841383403553,41.82973095575101,4.468728698900549,50.2377700792975,6.073841275601843,72.67868950543955,48.4909327484219,11.13761388479455,6.465845498844425,23.19171104656801,3.184533501814546,24.53649452482579,88.50213466604153,96.23887258524312,27.81416710222777,40.19436024949245,36.23725233679743,35.07742529563268,73.77729302135738,51.570689464077404,90.3427431612632,47.92772877482617,19.767568125902258,51.274145419408676,45.71505797934431,22.683348490307097,85.36397887829406,30.86795710165188,81.62671607499838,31.43577121311063,59.80120406365631,31.661984719575152,26.87357193825357,8.254664575140168,70.83112298855092,98.07238001332595,74.43928898273016,55.12834472518718,54.97480704838418,80.4574011597312,41.93079215501765,0.8655601734926188,86.48771215731118,22.016572972491076,55.767583563212284
12.506344791389035,32.08322873048506,52.454054824106265,16.3078186360872,37.881240818909134,4.617327438510655,44.30753039259919,6.060239064311057,69.5874622152618,87.51492860340251,66.84178011808206,80.71186705827571,99.1771850809769,92.78211820061802,57.08677668677839,71.0056746736418,39.5963435443207,53.036241862154895,0.23128713041526971,36.49547938000709,12.65831689062188,65.73258647709773,6.354785026476096,57.10657819280759,62.57804482896836,26.97716287243693,99.41687226881649,42.123573973138804,48.77443974351937,13.212348901926807,1.4611335674459824,4.7596648322426605,26.137091008609282,28.50018704076235,50.23745628358349,64.20018695010941,95.87777569263275,41.500699163879005,23.691122444621815,87.18100885602624,97.69692069803872,88.67158189778016,96.38921163562371,89.75487854679209,10.771038536745447,54.84327226712241,24.92699789675312,51.87682734356625,44.82969982013428,8.980954939326013,50.59504111050099
95.36308588978662,16.140674486174344,79.9388134970318,90.2050113434328,83.9044278797494,14.398135595238005,73.95118181573359,21.929742300158615,59.58246954727153,53.916794379244905,88.79381811334065,53.32033023280323,97.35251205469744,11.72847301739205,72.13651112858167,33.46730571767069,4.970830997769438,40.17959634717228,82.7294333920147,84.19243422398566,23.480002868518945,30.796390414315646,92.58656517211567,6.732751744429644,35.05085404345599,0.3489632751171978,11.437220031725504,71.52823422458128,65.92898502619833,45.519758273182596,13.717596147345423,36.50366340133887,2.3248324099604756,77.24474436472593,38.01995912299508,54.16225092920125,98.22717198544846,89.94764277024859,79.79399424795723,29.75437787156666,83.65830945614886,61.102490265478,66.36203796304302,4.183404259296852,82.51537541896454,18.009078341069273,28.917051721517527,86.38974675317212,28.227763249510318,7.999195656630331,18.41227197026424
50.67924543511738,20.854522449083788,58.52244904651259,76.66185897997882,34.15946880466453,26.139676397974043,13.232379220283308,54.17077836024071,44.69493546166948,96.03943256077872,33.731389762994844,22.97081629628901,30.87422166024836,62.72350796105475,26.69637081684715,77.19986345642656,29.67836395765446,95.12418699193965,31.730516094250383,57.331422535059495,92.21895071221499,33.60968798997852,46.65074484856909,0.1821787379066908,78.10681545887994,58.29801122370951,93.87101565678107,68.74866599249614,99.85551102689207,55.69330475873377,42.35047140203593,23.327835066889303,88.98588626664757,40.76152871591729,78.7707599705337,19.4376907325325,9.572585440061697,64.31535224146357,38.212797873338445,17.298587244090534,50.05442290072985,45.155515325278415,80.10743745212763,31.260462570502277,53.17489049364008,16.88252610802631,34.68398111843385,23.68676898915534,80.42482580934049,2.8175786107641487,24.441152208622764
84.22365264604689,31.693876244306384,73.82728299083652,47.651652097944776,83.91055036904037,51.03566873823196,60.353874229479246,13.025632411419707,38.97947704089597,13.37992788691238,61.077745806496694,75.35963053732017,7.437802685118989,0.0635774681610135,75.76334708095224,3.909858362537122,78.34297191240358,77.48094574887944,75.46395076536045,9.584119172836637,78.01692335732723,74.73090569802895,66.19058177762513,54.04025522892446,14.099501211042053,7.46093279141844,11.089789837380726,8.023442650085022,14.68311932742007,54.02613850315454,62.78956094004605,20.84464239814632,40.50632348909639,31.184284741001257,97.46801680822914,62.080567221995864,52.337992007424305,45.80897892968644,68.6730043726764,89.95192350111084,28.122074660964614,49.372156079147786,57.14348984151899,48.16375905834923,66.15822836814482,90.65521128409006,69.60051314706509,85.47713787137138,4.460861643965819,86.63842221651504,42.90568219472609
11.157315383182453,78.0022536656925,96.39900100430837,69.2927930715412,96.62261241808665,62.81947429360887,18.580911092136297,4.155437331641155,42.92758322831814,91.16101541463489,98.59197732998236,92.91279211154036,76.17304955132113,91.57048181798501,24.86449842625533,92.97122464990892,77.17638633076878,19.30566022481952,45.26062848970216,83.89829218958768,28.114854050989347,56.26842882958118,10.68195629975115,90.01063784287214,9.587194608277393,55.09805857847635,6.461360081623946,76.1645142271622,79.37434036418894,98.83633055963146,77.9095787514284,38.555931813409295,59.59714976829643,70.1344700508568,87.1855822563142,67.5718348556671,17.23803616002715,63.85856667817457,40.7455426768376,96.35519918399812,72.51364005429114,70.08785582014224,26.1907096863073,31.781947192775462,74.69587445615899,55.94168276871683,17.515493315738308,18.03571679707323,45.20643107340771,6.614778576688374,85.75202278347174
10.434979164192537,66.17924179743126,55.096395134732745,86.66042060729895,71.71890647409067,35.89874999650792,22.202437268984454,35.846174707082255,75.46182667799121,20.06667367701337,76.53548118575692,21.88442966859935,60.624668332879224,33.580296529838236,56.15793727209499,40.849678394763636,74.80600132435117,87.2035752477204,29.011629555294693,31.032640723308248,52.890971132496226,47.9031198614997,66.41133232501481,89.67185348530121,82.73464933246028,5.780432804488866,38.86348630775144,68.04410259252987,54.580959079434955,6.640729431157255,76.58412297789405,25.217433232883547,19.714916042500676,90.30938967850287,75.57767708215535,10.043307880466024,59.72494574040969,7.464604641549366,17.147796186313514,80.17392548721405,51.59103879224355,79.64028313488328,91.66428967606691,17.573695052524673,44.13669658843311,53.16264031387148,45.58842263708196,73.87372988290304,29.57458581576049,4.405258910470488,95.3046002904841
36.48593640296489,8.973483650130342,21.101904665654537,71.57999474223887,62.78269873318229,2.343759680226798,25.730448113443703,65.48992629832368,91.05665836762527,39.65913418496507,37.58394697705108,9.758714683876901,1.4123133540652866,85.97760461257626,40.68511031711874,96.63673671029386,61.81838073512629,68.31519668253088,72.58688949473418,46.101952622524266,91.56731719603395,3.7711585759264254,28.263705037782138,32.13607703163945,72.19667611708063,38.94050918725369,34.35876362420668,2.4825961033819732,13.652544507930141,10.349036800448264,65.5592654440755,74.80690777657047,9.356387298499214,67.14706503779666,76.33441635015026,28.947078411758078,29.35555886745389,61.49059666283787,53.93783996856335,65.20175398815365,32.36295124951284,60.69378359886508,52.00230785415465,6.555931109949997,63.18813603733787,28.50337300733581,86.91116913807001,0.15191625798571806,17.466215763264458,13.264716733973025,41.5598187829372
40.36979809824184,10.688705939434662,61.738491957717265,11.557843770889697,96.31099070410423,32.378309069089084,0.5311088510864148,90.02460743607118,97.1757525294141,70.79449447491173,35.00588679842007,67.98961104016145,85.368665807083,40.37682871740401,13.777331805213933,1.461851745463183,15.536746603250073,17.242665776977905,48.96521483715469,26.254305983454728,16.65795856682677,25.31148358250982,56.00022309646447,44.415911661706765,80.93524254207613,55.415565325780705,64.99385328532038,44.705003433571925,51.732994837126235,88.49860642578975,95.54657351610587,21.437548068489566,15.27636634536883,18.921687877298243,64.1819111484423,8.467298240851695,76.44508121140314,61.52807260784737,39.642014645085496,82.5202289212414,73.6658391685475,18.917096902124563,17.45135026807355,3.5992310391173454,71.00872133043636,93.05911635021315,64.47078438791867,64.53495813064777,15.95405372187485,5.747908279971625,30.230891672955472
90.47484190288147,57.44885554852887,94.67598845650753,53.93265648913918,73.60525636333134,69.86299116398281,3.895466717483187,72.89844650837716,43.89974505099392,90.41927417947922,67.21997239049867,59.20273537137442,86.68852255885594,36.97410738945521,16.072169154490844,22.358375529804476,88.57673556271592,30.79774004266782,87.67832083161004,98.9508226119237,76.00117246274874,26.467534830446148,33.69426408370558,82.91927884106836,26.869810925119264,77.28308804036391,14.161034444862985,59.97760273182004,71.84278948905614,74.61986477100572,34.05074999549996,57.755653580586696,13.549467330388755,65.3275591877087,55.517606147539034,98.01740894845445,51.69613732611702,73.73831162364343,8.10946209916289,88.89215353849451,52.36897563059446,75.337074054164,5.867270028902716,11.91260908009415,44.13996175115072,80.1289412641349,11.475745307649877,91.09011961630667,34.12128496066378,93.13178283234848,14.845756908915797
14.245570834833943,46.98915218666012,5.790565136375636,45.02783749586345,3.090171140907716,57.476722256638894,71.03924258584976,51.76070431517136,20.121985657978392,26.514093700287113,62.56466437519309,42.084555853893555,32.15290548466919,51.317787343233675,21.82453584877837,9.506762617403853,69.65174180837643,46.58719595954584,89.36287797547851,80.13065116449323,6.543670691762449,31.158750181388683,19.866265140680483,46.314797933962105,26.01570999118177,70.80264068869657,90.38926295938559,39.24367765554968,12.124269092012241,74.6538182617986,17.611716454929738,99.52844211660656,59.85602333050234,25.402901645787747,80.23431023292748,25.253917306023144,7.6568188572850415,66.6049161659955,37.069329445901126,72.26932161923433,4.639809852217391,70.77416197358109,64.098360244031,1.2394356443580556,8.964558422730295,73.68063400939027,34.49799485536441,92.15110515722503,22.00908376720444,53.866546688874536,44.335047575662344
48.269645069105714,34.77453796280725,78.40843439238762,43.53701498052409,27.029013007215184,59.08835576353031,33.047608388393,82.97124327448479,75.50127758933037,72.48908269834817,9.734884862445735,81.6147888388375,40.75090774721455,60.976014913868696,9.611514552658218,29.68525984811964,15.61016041465708,75.92462074725356,90.99567571688333,19.894365632080667,45.0851510859381,10.60579558997633,53.3210273218161,84.17643439875616,23.76189895573497,54.213581838253134,23.527879454418432,60.33595429211132,62.15943723087845,55.946208982637025,9.387810465207968,19.15062199985401,84.65849010059239,47.78185719232314,33.3460183644081,96.40966607906373,0.3836122468747094,11.275299492394119,83.74609448087458,41.99324947088823,56.656390881567496,43.15394290628718,23.759879837415244,29.398630425010662,83.3495205672823,77.57899177848425,53.299682638749026,52.83779675233756,31.053280228389358,5.728712270646352,54.823610684128475
6.177046326918223,55.00625903888414,39.403260762752325,40.11098440577101,73.58717831594423,65.11271128342491,60.56765832040425,41.84838723618821,44.56484641550078,49.12611411306253,95.32611656495796,76.41552794038635,27.68002008267526,99.40458338126919,79.33995025732213,48.63817641829592,88.78944683063133,38.456341249975665,38.02494148136749,79.34319793391236,99.70356404093957,56.02718577933125,66.92388617869932,86.98866500674602,77.29772771682981,75.86652568995534,19.03723078927718,4.577579892843319,55.424288774356775,80.16096134121591,81.31461239031866,86.87670643626888,70.70744971051897,51.09650212470007,94.22640503468783,78.84538178013116,5.623046929424036,14.349020022752967,12.248098118461437,73.89012661893325,28.52433170599351,35.167656442152285,33.8396551400727,95.88015712332822,84.64613035717007,55.49805169371882,66.95663959686672,2.0183766487678723,69.04575030428065,12.701434242481602,12.59029477904402
88.81273010285435,96.66952680651855,60.25330417012896,64.52499028263894,15.031475248437232,75.47272985812444,81.52496495557159,44.94348359461182,77.97424369866552,3.548217822655031,81.37563780035725,63.0214080728661,16.25177667345038,64.1815121601625,21.540826637038446,77.96559356671978,82.48717357276612,97.86817610942289,41.697793967405794,14.901974773795533,32.744284371120166,15.636677113756258,80.52087121873093,3.3093202787464304,26.38086542349577,28.10920323425713,0.7730688636169547,81.84980345274812,18.22997052625952,44.54703327912232,70.32936907734586,69.37825613872224,41.97951384036911,54.233461686498345,10.872572468941167,81.69578099215461,27.90743677624381,47.787432108747666,1.3035957163993084,95.15576530299982,54.79473477909035,32.07791184409993,51.57189822764353,25.962543830564165,23.716676320882534,48.674747239043725,76.01642929388868,12.642254414396458,61.520854348880114,34.53415448934224,35.061860971549166
46.9268437393769,65.86249892549235,86.87421524239848,18.4535335491426,32.92268013393023,88.42521772279316,76.13580489231225,54.99890999727604,24.442418953585964,96.03508094941033,73.4185560559509,59.4216453025721,54.28265068775468,46.52778281235411,87.80119953686318,94.05948885247284,75.78583265667027,20.816485798803562,40.4451043498812,78.83755678025743,38.37366913264396,83.45516626418498,48.52494089024349,34.56124669724421,65.93701694483086,81.73271129031855,25.793706600944034,59.71516285091515,29.22184385457601,22.22066952409072,54.17778386888526,3.2288198961137993,20.764780039374088,74.58234155350965,32.39637528203085,53.46321699810718,5.96727402674383,97.46491778433189,52.03979532650914,60.3076219972975,14.241889503358285,99.77436226633769,50.62391033371797,6.844513196319246,74.67276607725259,11.062920773547836,23.198898864338446,46.20160649325244,97.51537471210654,44.29602720486391,96.2843642401667
78.06115347582606,59.288246038780976,75.6105826320677,76.64164619087542,95.85831949264444,53.76355538443396,5.099864611366433,75.83584449974123,39.67428092126259,6.57587181972874,55.71028240835102,33.19220710969748,72.69863579966128,88.63488947909917,68.51023332056933,28.599154045847097,10.707851409474522,84.31160418112236,51.12445225480252,6.986763550634434,60.70767504375897,79.29897395717657,50.000489732898835,92.55968294093957,9.757643330331678,81.14921442950371,55.40655652647669,95.88748578275693,14.919095960059881,97.46255342430544,73.61668044082138,95.89215935802872,15.707905947081969,91.8307223813773,21.73563394771625,44.06091722509626,99.99770606941696,11.09584272381603,63.40360959599809,64.89977819931387,94.07113080593432,75.17564771330335,4.789647352536031,56.29508390072867,46.2468893530905,63.621884470939435,90.44591299472086,50.00441251158345,41.48967501608717,22.17350974359177,58.63032521934974
40.0284302557822,70.24294401175072,49.581780119501964,75.41329283785481,81.46268252006479,84.68550855178395,51.59685801034167,77.62035962911555,28.680759504672192,15.483229365414864,33.47860398325457,89.15282070117719,70.52557412429663,77.62905131304093,77.28974517679555,82.888745745574,13.403543205400336,81.5763414540393,41.81865045024894,54.60585589123473,0.8280478400664149,55.24636241254301,57.08355613184354,40.19459445546326,58.25811111865114,58.23057841771584,14.996958646822812,21.1834889849801,53.286184661394685,7.114772012987469,73.53581742740579,58.18691424116545,22.059905114312674,28.1898142901569,96.52218171186288,74.54951450775688,66.39728960701476,3.0981793695145865,73.98246338397408,70.6542335604818,28.734370531157825,69.24227448830018,37.12977088022089,88.86182232114925,88.61277121394913,19.84888748029572,6.25703245792989,58.90658127165008,54.72864869086904,67.02377160977132,85.65592197608755
28.964172298442925,10.115142914829056,42.362626885570556,46.82999066626052,86.33462102222981,27.5822626810308,70.80338978953445,32.38059916297379,17.29055430031853,45.92669528839157,40.927965539356094,56.92544271726585,82.70861903394302,83.35281963528935,23.059920980805703,55.59341752826143,3.1087419607677025,21.577140998656375,36.10016079425645,48.899535109962144,10.311424714404483,31.02188606810796,28.844382551204895,47.950455227058285,98.27041164530654,70.54650894203003,52.71893011944897,63.171614474608596,37.80778289565304,43.539963700307794,70.32607753887017,83.92896824213697,94.2885397343629,34.081804150955655,34.948071426006734,73.02585349719544,92.66728108373424,3.6042995438299807,8.343709605509863,53.25535867088331,78.07687756413083,38.91662833777434,40.55205265563567,89.53289024511265,37.89587279032519,36.34515092337536,16.90886986796344,70.36065735899658,69.25509258040806,11.908764929297211,40.55704002477547
75.74954375048348,85.12959546589187,43.63174065779724,49.08103329695689,16.60884746586082,31.601320549833833,20.847426631173715,27.62663189847646,91.18729611897915,48.12235954478341,19.899130664708686,21.52907614439735,6.950633773605186,62.424265219967744,44.303041242218924,9.350529368230177,23.477944093960367,70.59201839349613,50.482167459684646,72.51659228489707,32.30035864819174,31.82952213583735,57.27809204279188,88.56338043407943,99.40641994761069,92.19941753192155,18.71107227326719,65.37430423967746,50.660599878975134,84.04850979992756,28.190620578705992,73.12176507197324,73.26995414087693,70.8294495038608,71.27583195067332,96.78498663257362,57.31439294140077,11.917833631446062,47.81978638557503,70.48274412454451,82.17830722663211,36.80616973502645,34.46558960287298,5.059994954055358,2.579667229343563,15.715640036409894,80.0747722869773,21.991819698642125,54.89349619700171,89.82415063254847,14.698770477061252
45.248730723563135,25.093155093497188,93.07207420634256,14.701488750549919,24.853851910837264,34.49229962565504,26.44259776209409,4.0233277611236185,49.13313306870144,99.02428968208453,96.53694066468638,81.59009606161247,37.26459189941189,29.095991439300604,34.54762219590604,10.94218348452587,99.37797836461169,58.36095291322814,85.48592293023637,99.81189728213363,55.459101406518165,78.2797263254055,48.794958749904296,97.81081820677099,83.79013168472034,28.70072173640552,13.597209968108592,5.311239580966765,26.371787328614072,90.48633642555372,90.57469780569934,36.52129535514923,7.788561157596985,67.0352704141248,74.61183704654499,61.868582317660334,57.84838133142757,86.98123918985951,65.53571050678293,28.594576490082158,5.244251334183437,47.82702250503264,12.867059467150721,23.497742816603672,74.24354992547565,77.40056247892535,49.147000856096525,98.13498319351854,56.84270933870346,78.89867988169358,65.57982015307016
37.42244681972671,31.432981883913914,4.628435817205922,24.86230207212119,96.41954313544532,33.661083697502846,60.33069879731776,84.93929040432562,32.84331313789026,66.45313160270959,89.71684689954564,65.22682927646638,79.11498330932515,31.470271690116235,63.51804373072215,30.351243362694436,60.483407180846726,89.88898472969792,69.46260168465444,0.4808170782917398,41.42690336086915,57.121698313759026,92.94780892191837,11.044833029174539,52.268872169435824,74.80166460202841,14.746743532415463,49.32335741863516,53.89087410225719,83.69968733006353,11.965135826494944,78.59107449155552,68.54534493541213,24.326111663470595,50.53846288596052,78.70602401254186,97.90833704661424,17.322901653399235,46.78524578388343,32.95408432697033,68.95187771148863,24.73345184284699,50.59124864116286,66.40011717549706,64.65171073028453,39.24592939156093,41.97883015329471,1.8237364112553833,56.15799387992908,93.27297435730866,30.39259592205922
47.25173888097204,49.20622307626099,5.544865104594276,78.56754084329113,68.78976174059663,74.83603141437091,30.123238870538028,73.39888920009135,69.76358239223424,57.13108054527296,30.584354501041055,54.57845814179391,62.889986301122,96.02542364186995,57.22040327874719,92.75253724635535,43.142291993762505,21.721334721176767,57.160257181459976,92.64374997893887,94.5161820164963,94.17639969664685,37.79260069199076,47.121404899012276,62.27645556424458,33.42645916058029,86.24813802444203,35.678592618902286,42.39454287333741,38.764150662308026,63.90497232031402,94.27216293770375,33.57196598445555,17.579979372321162,10.71728643553721,43.618026740181904,51.42869897630346,70.61899233979436,20.47495546594451,97.24898645531536,7.686859030905779,5.228137061295268,53.377681217665696,95.87168295712007,25.008846221878756,97.93215010685957,99.54377095188798,72.30569111666046,91.59022727752014,15.330830017708486,30.900219435079368
80.80738969573264,46.796646999002874,51.14550831108594,72.32916911386866,16.751057353631303,17.746752742573246,14.078451536978786,70.24170492088733,72.05905432020295,53.62102188207069,21.638407485285683,69.18034814495863,15.362449893579699,45.32593685444767,71.90024558116393,7.05588905727903,25.003900692293012,66.58524972418223,43.26785182282153,16.0907313783185,88.59106733391809,74.96184395179822,50.60372192862527,76.81393930737718,69.26826443977141,67.39343839947281,81.0070994314404,52.93808865201235,28.107372250960182,98.12286326803326,25.091452300547846,79.78262080165476,49.80415117272475,98.46774876854761,8.713145646960985,95.02166796387793,40.9502687631276,31.590024105472924,16.364739110105177,0.6869025203751877,76.87746460200276,13.012407358409128,66.60131755184196,82.49950650475012,98.59350833091221,48.1905570868573,59.380247621513625,60.59005687386979,79.72878086334262,61.334227692171964,78.85207005873714
66.6077166929467,77.33256208316058,39.86432197436663,12.997340803217705,33.94014856615114,46.11656125877425,4.598018020032479,1.946851792675952,0.11265132876060457,47.223370933173484,39.17955722151609,7.753826992304791,0.020581908826289297,83.16384524955716,87.03143820877202,47.24639882045928,98.75253249182214,17.65739628580286,84.2896478016067,69.26919450341823,42.96028669812638,90.5133264314465,9.69424466848141,18.49992852596909,70.16279594713409,30.32618215794801,18.684707589962724,29.687320989909217,89.9201969099149,10.08761731916289,30.652705358774178,6.953803157758253,96.37361677995078,72.55471338998639,76.24896332013819,97.97661784874582,60.37814612187985,58.5237405610931,40.60740686890898,12.742688284256198,76.42903320156351,21.651798555794777,30.109750556089853,10.632299949916735,35.37639360317478,62.59549952515032,12.514072846438518,47.15996458002418,3.989143313440857,97.5559855647696,13.024012203609436
69.98082874303758,70.68853924730072,14.94361326405006,90.33522791073919,60.12234594260113,1.8593411344865363,24.4807342082073,45.979306101760606,71.85115473884197,66.60882603171406,63.74357752288735,46.79175081751777,11.694199359895608,17.951900765428206,68.99947153506368,70.26648450459638,88.85192895680653,6.999561649788621,64.1967156666119,85.47325012753635,11.246940773931534,81.86641755335903,1.3248375414885216,25.383662206570722,18.96217323523747,27.023069145802346,53.21012621786249,1.6212419723518612,21.56314619441372,10.80762810850625,1.3723892691024586,89.70931405952162,4.291448722580615,64.15116315386146,66.50868773511667,44.36426813057859,4.948316276218911,8.745208388788628,25.164424215279592,53.45400882139896,24.921494658168776,99.57698498287188,10.79170703806085,23.142210818596077,2.0275323586963934,58.244033091876254,93.17119617580538,48.384990457320555,25.19388893394354,38.535760580121924,91.87524481089123
48.63237234211112,94.01802324739754,97.2882890738987,1.7480573469534466,87.25207311013901,73.55030956491028,72.92409232589799,38.35149810275996,3.848993373699583,99.86498465799073,58.325605414978675,96.83150632069082,7.007855174368494,93.45480502084433,58.34875953522779,98.58722957974537,80.64119503506608,42.77379151169035,83.52705044808859,20.807965530923656,94.16536954456797,76.05170187269009,10.001667895992961,65.96889597542658,69.48027246853428,11.831305917641666,36.44386605493409,46.26592298900201,76.50904372752147,12.035851845670443,68.34816905167186,0.2761403686652897,61.27946831200971,37.98074149696012,20.998384333449927,46.03287630491239,83.14710033110221,19.66512069612576,67.31080169227232,44.48038977704096,39.07891938284794,6.759974858693473,24.536610999203457,12.749466989964187,56.42380483908269,40.32063947584159,92.01095811955538,70.89181070658596,19.203936062960704,93.93711033399963,22.37218619796575
14.041729152604422,74.71372403737952,10.61961919711748,53.177002385607416,21.30061422019719,13.009542620712155,14.881815527061281,8.614009838578706,96.64508270992393,66.20842278533203,14.706336042033374,44.125122264392616,38.47244761757997,69.6751456093412,26.28985565397659,29.87414094115679,98.8452285688314,62.488226690046346,9.136413887469175,11.398776153074508,48.05001147357698,29.732258061319627,77.40750933837272,83.70330129078496,23.79636013681381,41.47503595355489,18.349728447839965,35.90194890926311,71.00748909874773,34.52330379044055,86.98525652283577,81.16552061956214,2.2372095348245136,62.355513518206784,47.47641566990358,67.51076524908292,10.737305359811167,88.53649519005238,72.4188932330568,70.56473932584946,53.92939667388155,62.83540524789949,49.05187775678823,3.0184780037420533,61.46500693075091,98.61973246175336,34.51890868863862,21.123803563025568,91.93657065540266,89.63238122513789,39.065020574139275
83.93691082177736,8.29798118860553,91.7216544540482,25.506643545436003,80.13721261455741,14.364930561300572,49.17882498436682,85.652564519007,47.578454681606864,81.36615368290569,92.12467825509947,91.00510826015159,43.10506891814387,79.23609032602504,18.54910886760027,78.16248524235006,44.85903246210259,26.291648367868703,87.01329440719003,53.72266361744779,59.50685544368485,8.192623039568247,96.90296920475548,4.525909999204836,8.31409467851244,79.06934820401186,15.439278743756946,85.88137357374961,98.46855963444413,71.16792839099135,46.17770094849557,12.183566343544271,0.9595698759215621,37.15354780690444,18.205593193135005,10.529126422905865,43.85964010191208,19.034004126492622,63.85757652003026,11.704415661792511,7.518252904749401,57.45322170085876,45.99926347179996,67.98288980334068,39.564850618461776,69.99658927564654,67.97762356534474,49.30153192784239,50.5716085819538,82.59354524770895,34.07785590467491
17.62005919088483,19.01561218947184,5.855496640813518,10.536649292220845,57.14208238004116,81.06263021127194,26.52207380753332,43.39964203550194,62.37047836227049,54.34099964407102,28.86547852924153,83.40244401406173,75.86799689921138,90.47683531951738,61.71831026641311,12.145940273826806,63.92806877280341,61.37922846388753,7.830803785176288,41.89040934400795,48.55784181338759,73.53392022585639,36.8964630111237,9.257383893645066,99.02957602065224,0.998875182940262,17.955168426302926,2.4611085531016874,6.181206683362516,27.989140827078984,11.352002747790845,96.88208358928773,9.352832407789846,44.67971269873069,77.43335665261311,22.427607230559243,29.76393670043841,32.51773978995506,9.108363467908653,51.00926814630598,52.4073741914861,63.011795348181955,54.05453365577699,76.62266239003569,50.811317515844024,23.80346073830719,17.906278721779035,78.7703638648959,62.755516383572775,72.08986380036883,65.18246608348949
14.189977479160698,45.132955906806416,95.3153500716441,64.88403924432684,12.723903517708578,80.05984509281615,52.91641084377561,58.30060428601188,93.97123140438565,72.81622583974008,27.36745464727448,62.95301142737439,30.525241001365,14.718346366533686,10.622922241091615,52.01384265396537,64.0566270315265,46.648072642347216,79.05772801629605,73.10610716952878,65.3969680246821,11.92548648768712,7.148500552694892,14.657604262187762,29.239403007191022,1.5210962085005164,48.50232382669596,26.270646102644502,40.101543926630455,86.43061385192506,43.32380787947188,36.64639151242959,50.37064411997698,28.01001874840129,27.376040106673827,37.297042455128185,50.2801295454724,95.79628892331384,38.83037457244058,94.13134522401678,52.979087069042244,23.329255522390657,44.539053485867754,53.250158531958526,51.60502662364952,14.755055567022413,99.44494273474228,89.27092399417742,41.86226742168034,53.11492926160785,46.80713264852036
67.77559915204941,19.97760563508848,64.77726778295414,95.3702269392396,22.897310285162597,61.642368760186514,59.445568763529955,81.04609388793166,41.5422542731448,11.23393803283298,71.61872000604204,68.9270241280418,50.346382092659084,68.38044862126125,59.5318963063141,11.23707853089041,13.221523053851293,22.360577406467563,92.43932179186972,78.64090157864234,64.69040756442814,82.92750921097496,4.726065902999554,30.282203274725138,64.14105645698578,22.061407202282602,4.595355970679327,93.17706617683679,88.25846403316592,55.83263994465531,52.37142212863333,41.99206784642975,99.93381940855856,1.2872003405589583,12.284812521740262,36.27928042787428,35.086170296477945,65.41959159236973,50.81500512775299,24.610802087767457,17.623885296361696,41.59420834437352,9.609226068216547,29.001655278271087,7.604038894493659,52.9187339668704,16.862453351273544,79.65910024561686,67.24429828597029,15.370494333015294,22.740204178909618
85.7764014239875,22.414392878030533,19.334120221914965,14.92466531143114,87.78480344989305,87.65109461378991,92.77684860025947,70.53633381685319,21.9559976677437,79.69599894009562,47.89726187613718,43.60495327062589,31.813959107603285,58.646360071936634,29.99551450443586,62.76486874948927,31.837421778687368,68.90132986454911,41.676263125590665,19.924307807294262,94.61542667514058,69.3050355651188,21.358531624424447,45.91964832790225,19.138969781142745,52.683466466719274,66.73459411402571,1.2325851227136697,3.16648493833267,48.099604684486266,61.855313772468314,80.62328669544955,77.41022067070938,98.06333751630422,53.386424094133424,41.19703527339662,69.83334288295833,13.50802858719512,73.56681032637891,59.925416898879604,57.546365808207575,80.2684832174609,88.81240279663575,57.77226841705831,87.48040121904947,18.79427700362266,60.73374545851941,57.91853522294088,29.45572159826314,53.5177257984356,25.89374193566023
77.89952097766583,45.66808539442945,94.29912027531827,43.71157051644128,60.33474287116887,44.48994213821141,18.795956488296884,24.486443799190805,76.8095236682262,74.38505919527624,19.20635176902391,77.69658462350925,80.33505044690183,81.73297059001625,38.95782371934205,58.41887716378611,87.44900262407303,45.35720967416849,76.54562854249772,85.4769598109998,12.193035167610288,69.35342340345197,34.842418822024946,55.59949179711364,51.32550182858011,96.51964084341749,36.51606242148217,64.36335447878092,53.796775194270715,10.107592030205625,55.56232099398098,92.968587083541,67.52643785518569,93.05098222256571,13.010969296496267,9.966331755965586,90.89962459372775,53.384325293990834,87.68184252111298,95.67426518126577,67.6893514989272,41.287482125523276,98.41366133552758,50.83674094409516,23.74278421605952,55.45271496088191,90.40633890245483,45.471495514146376,31.213580440634104,17.78421110117767,98.07275222732828
51.014825148916245,42.78357843916537,89.0519745303081,58.906598328843806,94.38561058246674,56.57536741327047,80.94550148566223,1.402644447850987,13.590166719632313,53.85504383949959,86.03923247162547,44.888193158687706,38.948288764382696,66.63073872425174,23.89726096608218,88.81525411926663,35.57650092819598,76.94403381391417,97.61090488338667,46.21470172548482,42.55913122912959,98.16654415202972,65.68927705327748,31.0362174283058,53.814991340548744,68.04617106267176,50.160198394878876,22.991352533564225,51.63965682724571,53.187169804944155,99.99078218955317,4.959965818229883,73.5332817773199,47.386476702592894,7.693192897858592,96.72456762557374,98.97367706165775,93.58265448602154,51.332565162262846,29.978837141397108,66.57279996325585,89.91680999169502,91.19953581777158,23.522587815979257,43.94943571774454,25.73268180908218,3.9092405289002152,18.949543825159797,77.27718341260918,18.738392335642885,94.46456009921809
38.68410067220607,73.2504095900892,0.07517844064359736,71.71999220746227,74.66402988529103,82.77494425072321,3.943198202505249,81.07111229279631,54.970919817064654,73.60920110682179,54.964234708489315,30.923451207870567,98.69572266155944,75.56015667181045,50.32556056479189,67.53678044735891,32.534081341215845,88.32090863770884,89.98224202706176,2.325830266337625,30.39340713907368,8.221312366355294,84.51559728294401,45.17349908541999,95.50561020395348,12.90587521940979,86.3739112593892,37.80344936612201,72.79429178976056,66.4477285966866,55.68734286214012,30.824649059145838,84.55398592687929,19.28104486077671,59.7727673862517,57.41423715956153,22.39589391285356,68.89605170389528,31.426549106081946,37.7201472163715,31.208174813306854,64.10814508352202,72.99624002396042,35.15135599006312,72.76712614647055,46.83701817076083,6.033973481358734,29.040671824712373,91.92685787733885,29.089274092814442,24.13853372019814
15.218939896892469,15.062670346691343,17.714654158933417,12.108742076873435,86.93196790386392,61.634753491415495,98.81867318499576,3.031385362820138,85.82065081720823,71.89686163122002,19.328252785632806,60.583510366141624,44.048080846335424,35.407455627213494,17.008423640581448,64.75933511922989,78.80473903585803,49.70960201003233,34.32590444510076,56.92036987210876,3.0300435262238246,47.74404471303957,28.000534282291646,58.31483444568223,63.45907132533601,15.833962996561656,35.05831933033263,68.10820201051835,68.11585033511565,78.07603463225992,17.381669499543907,55.1948216883993,94.23857664992605,86.51978905650321,22.995952336907933,91.746948134392,48.037622159305194,86.25824898506602,53.358664931203734,56.17259464285041,52.610666871728164,70.08893672793505,13.387399621221995,53.07649796718879,35.59765787751387,20.230469876376777,0.3865454412411595,69.41530496830637,92.6917539484558,58.098424668835534,15.221919317459975
28.901805894967893,1.4364617394873602,67.57559231538886,92.98730656848815,82.05036452420089,0.649262602599987,44.141359846987235,99.71235037932502,79.19531827356897,79.58866608572379,78.2927472227741,37.71208915002907,48.479048023112895,56.21810514308535,70.85772819615119,85.48258648291745,35.398320023457565,24.801545035577888,89.54054940028378,91.65227910998577,27.31701355933457,85.4279968843505,5.916843480977629,53.561456460236926,18.87915659863708,41.02356612971091,73.12242203945841,74.46962161066473,29.37030993503289,16.843355609164178,31.977206857788854,77.84624891002532,8.573134744719358,98.90240740325187,91.97064605910718,99.20147055956066,9.357179684222384,93.16618620966615,81.35783012828776,23.409836212111145,43.71248114852008,91.17425488611,38.56571195610958,69.60243816870408,64.69370360647981,53.48688489531995,24.7599511820492,80.17138083772996,42.05504465578728,32.090826480087486,48.28055864980526
51.93629123575536,43.101882520648985,78.31782916842104,99.28042325396662,24.63601330496751,23.85933348503001,8.489949102720118,27.157957096086893,15.436662063329265,74.54761489527442,45.715831386595106,24.237444021782018,40.14801827858216,1.2489834265059452,10.381186256514962,26.6674884094538,0.7337606776636973,33.42503820024484,70.94983831291431,19.305411231266223,30.348333018068786,49.66545258747625,4.200364431952153,74.85409948415952,5.611207637941185,70.01889695416105,83.339362469042,64.36933110763692,74.24680544219383,42.71891231848806,3.657193542809478,7.175361771407696,26.22352696889849,82.20334179319755,38.267477129553114,58.12901431796635,41.4425878326936,11.205109377956079,14.258127796738906,66.64763504377973,51.942263530341314,1.0346954578007161,76.09078784092259,32.96372290047764,93.14328536639859,51.19534865853552,33.91833134639099,14.535632637956553,54.93445551903644,4.856475481112044,98.88893449056974
93.50533921189428,60.1301911074422,29.897702441863338,57.45772006556892,62.2442629807651,23.468840411662526,26.76866808640255,42.17815590423562,71.23906225467309,6.718840301108142,80.96503025884829,47.42917802857367,26.188434086135914,96.9697273989409,0.8925173553874011,59.1073700103235,33.187645306631985,76.21416918749344,36.48971154534064,46.897972354235726,12.002149501866832,79.44927549271034,32.42765604621481,37.41043353694658,21.585593648067448,32.711923360385995,33.191013209465794,4.970020752763327,14.475314506733806,83.7054402458621,20.16139306550605,49.90634876661778,80.15910785340576,85.87514683582573,85.98962961704916,55.46476333645002,21.28065889816837,37.1872436738821,23.638001011441645,45.784530343298826,66.35816298928741,3.7601876930283273,91.46784592100985,52.03276756608135,33.22709911888734,87.45865857141601,95.35703283379887,67.59291058501007,70.53813831768365,89.68056346391195,39.68409362682578
64.65253861820686,69.06858368703206,69.77980129545982,44.96147239125584,61.06855215434184,83.66317562329017,65.0779333092369,5.899021584499198,60.70303085495393,95.27158583283347,25.652113983526835,54.85659874171862,24.142858880925843,14.263009243645186,79.62956731224729,51.615967869272986,18.4980148622234,94.99950028110108,62.15606420160338,71.46824030576471,59.853253183675704,67.35036832369742,87.55007981048044,13.687381398568576,63.82235212414283,58.23875625526996,80.27057033048926,5.307966559841281,87.3709927121053,8.256090410772888,43.35409033362004,30.932651763812103,91.027526566766,19.830909171490628,89.80802692313821,37.502202956482044,80.4312356420575,89.8103192428139,13.92722839380176,46.8175519661821,53.63882690012177,13.744401504725278,16.02291279265391,51.874599972224246,54.00251169268058,75.07565338870117,60.68523352476737,5.993375429695114,91.44558508075313,89.73053353569226,63.2833238138261
76.4627516336023,21.65782100540714,12.58866469752279,1.5813267703678413,44.284987078206925,74.07551517089665,58.59363912382416,72.61744639357089,35.87002400402518,91.96905119638052,59.28865007002527,2.8333748365236944,39.091536283620144,61.47444831302779,45.071106857171515,74.89562041239971,28.62130198715175,47.974880626860994,11.023000413645878,38.3268365592813,51.216955430048614,89.00475851593563,49.02825577103904,23.181442488449566,51.59288391699734,95.97051696952896,91.60741659212121,3.7244194020447097,54.58707693944043,77.84003295032667,70.6610516326698,98.85109133569483,50.42248763619948,1.2199948111892733,83.40247179373942,49.77334133237489,70.14565961157275,27.09456334485294,5.746912306356089,44.01032248201595,75.74902112043684,0.9557425531282804,23.269472375260502,19.198177366988524,64.62714592558044,46.811831404558234,8.280051057731075,71.76747689931257,53.48040841950621,80.56413132322339,45.68453425481742
61.17971483119922,89.44222473272079,58.17895577447742,99.54538852617918,7.999942774107027,17.97282713960663,74.81946451157441,81.99707520924328,84.706075756138,64.60386587799182,62.737394265310265,96.597827013081,73.22510598943288,56.65173915537094,10.48307395598692,31.15827056025825,59.167457385914645,57.220398379521775,84.93521357245537,3.473390899610418,62.653582042088786,10.969067501554107,18.988535754998637,84.2257000073383,76.98354038730754,73.95623339789054,45.05374125980563,69.62587064021727,16.3230633011892,75.58520795054532,69.08217167684808,48.94735149055035,72.50405349392871,4.616481493213154,8.304626950352445,50.742727826601744,25.030336868462832,29.743173084563335,70.3744528244707,17.351633767739738,78.24342087150731,53.380008952592625,27.834775814514103,10.181306038604088,10.745061222815766,94.08556381879288,49.81833541119013,69.04758365689699,24.117243018696822,0.598216632732318,89.98780332821258
81.03961980095,87.26690817570694,91.12356972427904,64.77624475084501,40.9625296585964,10.52558853217256,63.820453781877276,10.705490651104588,86.5773191550971,75.76109956310788,67.77976745417634,32.64170978258064,43.89723652566012,98.06553167202512,40.930732370668544,10.650081359462959,22.798425316393278,8.398968979861843,41.21465513703395,2.0699287669783795,98.64365896437258,63.432480922713175,61.062049827176004,15.353078162621003,27.455728801740552,35.519620408177744,68.23069341316976,33.912990589014434,57.99820880641129,28.57632452311695,18.10489267751805,88.42818711265859,96.31951149126591,85.56161150320213,28.636732755544337,50.37459941752049,14.35462592974812,55.209999209581085,21.737354292654164,51.34162669562124,78.52611550154215,18.424053305240797,33.909497337820795,14.686006937601103,11.93839805864152,53.99375503578663,11.343671530708665,46.74228267138661,20.13293718076006,30.672881021271646,0.09619287915532126
46.89212923057017,44.53086912494895,74.67900576764134,32.306548475795,93.15658268213868,77.54644143040046,83.26607323481213,47.89586984510545,47.40510803691074,41.96131645181895,30.10746771133399,13.911907758091225,1.877241977284827,33.40676685961817,80.45776841813208,88.0994442343967,83.5439226667998,50.654579895401454,2.018168267556353,16.88705952313361,26.782636620011314,12.303711635138036,16.295057138332446,2.980396533290497,12.021610222866851,13.887216130462754,86.22188928237398,1.322470791860142,1.638451308608957,87.61348099416405,13.218836078225326,39.521338577416834,60.799129689462895,47.18734747677749,67.43149650104986,38.04431136840359,25.640600409503023,27.567580068362886,33.65188745183818,31.254238785406795,77.44937304607402,80.12440928308267,47.088010327641996,23.860407728772902,7.718545006505395,69.15902907344265,37.62326609584898,59.82162747974144,14.854549766383606,25.76944476864147,0.540597078711802
46.27378842946839,26.66606119867381,76.20414306365156,43.633915815823634,49.956338174186996,13.753052821307133,40.388011727210646,12.052098946771528,49.62786007452304,73.61659595265526,59.03948739416409,62.454045286398305,92.63988822510746,96.62868846812525,5.940861255950525,30.59439817536662,51.303791622831355,17.031766255706227,52.24175900222227,59.342348055948456,64.82563524364812,34.90293882178587,83.26497213272084,76.31756939912843,38.16191145090987,39.027918837760126,79.32911538114931,93.84581753021556,22.361531959471804,41.07088091470028,76.15399134591229,18.3490275531762,19.02537518468864,26.9661042761828,57.9276308344118,31.333835354152782,20.242339408896992,53.44496874553821,33.57651499800715,90.72563155736756,32.34834840583647,32.34410878007608,7.9610597655610515,0.9958776749826925,28.269778311041005,78.21604172118798,17.819298613433954,76.37958069279287,95.72542764041432,64.02105725650601,86.17355613469998
60.30400337851082,18.560889382761324,8.524808988543487,78.37389115942442,72.58453095514712,42.729250490882286,73.68283931806405,68.24613840610587,61.04844967281628,91.16142539905283,27.278116515327966,26.956636530581168,36.736927833648835,84.14220962683277,95.36184954734742,8.229131633704757,9.876962613818963,63.70390436342513,88.36610304926292,90.79680382549829,74.57565383278747,33.75828909585955,26.435755335393154,28.537848315613445,47.01333557772905,0.2068178213350036,23.29347627795665,78.18398047971232,47.38382700136794,36.014231991107714,63.80786350159351,29.904913558222844,66.6074694049833,53.25717826376536,21.69845322091589,95.91179888930014,0.47924499921225827,8.070891835558536,30.949587334059448,34.589210661955825,87.21665254899648,46.696010666303465,26.059641506738064,30.581905807906796,42.25603900388576,86.00663042582066,22.116901592531203,1.4326045992511527,54.998985637908184,51.39968734544815,40.680867484774744
13.57784631052703,99.64091477631247,99.94012235623416,51.872965440873365,24.12650198475933,50.11757860444078,8.850311145852007,7.935791349860066,84.62302292968708,79.91883969808337,1.201546703426215,82.68494346114984,16.677763915380606,72.47250313734386,50.76823140505389,24.4374434727597,54.109247029129946,41.47880366782374,3.5279021648982667,90.347106770989,55.532764518668266,11.76390961678736,84.43034896225721,85.07904981249784,31.011646282678285,41.61850737403054,44.06019251516244,86.61978716361975,62.15864896139344,53.19467915242048,7.692622123780069,41.422654581344,31.3305638724385,19.029413393345784,74.78035763659273,83.49337127441417,55.89677849174854,68.1819389487464,80.80442675470265,6.8790326795828864,98.74263184257333,12.921067224988803,31.509202843537064,46.509797937046436,71.52378586573784,29.423964474629017,20.040059161213275,34.362269678914984,72.39250847436269,39.581984883143804,68.06533018379753
48.11048177097448,39.61021402719168,43.62462210126896,94.875908518163,54.049343641068646,25.441753662557186,70.63429312839558,93.119729604914,25.104469601942025,8.806214281691693,41.32365029818483,85.07853738092214,62.76229720119611,73.52918883055062,25.354017313510024,20.701485199024837,10.992457640332065,45.733350930384944,96.24017596168781,63.282619331379365,36.736445278702,19.247280954702262,55.12830754541967,14.620959262989208,89.09725650986186,10.871009958190413,11.906455039548025,49.6848370077447,16.32668246782959,50.80526049991714,36.22873051615918,37.29557359594412,96.59213237006347,4.321502407161104,73.585464086968,93.98515826648276,39.779727767880935,48.08390571053991,51.10857693399085,99.59579284140952,56.406044390000254,6.781651883721473,55.5102418266164,9.280186063808237,62.329223608688366,69.58005281387813,45.246844241910466,87.3992246300255,3.8992271588765837,84.03619060745989,76.1750636019377
7.169576779185716,84.08022093399467,33.56687253574373,7.718489122213068,2.668266131283048,63.580110914143475,80.83522138151964,28.053872355523556,85.26306026421186,77.13165446177722,69.57931720497392,72.55577223866952,60.68719182916351,0.9676796600241455,30.64010046373058,86.46200689093658,46.098462329791765,63.459044615877126,33.07816251675404,83.67956989036198,82.86496296179662,39.13751899603164,29.644671434296612,19.69284529122055,6.741009427792188,7.485328319649787,87.60982877359815,29.315969147605834,26.440182981758454,13.45357730866662,80.48452890366525,63.558436527424966,32.78805458736639,75.26355254601364,93.03997916955606,32.37569810610409,32.47130641829493,90.98927051680988,97.23991389656653,52.03200830856956,70.68790374191408,82.99834436487919,15.138510140464689,74.27998111630293,30.13590702034994,37.98267206818417,41.94178285397422,63.456244891186444,18.279313152425548,29.48264669953152,70.23918964494679
55.00358855282082,19.599255606879083,80.02791463667329,66.56101923776309,18.913019616051173,74.53803067836067,74.47368798533779,80.43750044222254,41.235742933129494,62.29169524906257,32.77125087124735,55.958215139997606,26.448226727857772,39.76412974152529,13.855397285587722,88.7593171927829,20.093808529727355,53.98907657530947,71.74752812852059,41.11712682319097,59.16400127154829,66.36286074564188,43.46364405492141,87.18773857280996,9.571435498973457,55.178717117445686,18.409536636252653,59.941187556986705,45.25423592520568,59.52106996666349,92.38845397034842,15.280612239982794,74.7591752915692,98.79372797116262,87.3565329214119,95.98289189310107,23.800127593,17.668403315725932,79.72480283932045,0.5878081285019654,2.4143408505206243,41.75691847191039,34.00291406565869,44.41747895766161,54.47241093170396,37.4653158192953,99.42228680600802,89.89211002902661,3.206440420234391,75.00172740959074,74.3002497848302
10.598168682271758,70.67712071450772,30.88054540291165,53.28152099389578,59.60547547422775,14.37300286178056,78.7873771853425,68.60668580036251,94.96013851150163,94.44740825650896,18.22993433424913,8.951731969434507,66.7533315480741,5.839233681202827,91.60615581705459,35.170601726599834,10.287096862722445,73.79239945424462,85.64658395502921,83.96741961750344,18.798546207499445,60.66570127652692,38.985880416271144,6.0451662764305585,93.43106777431097,17.332479917693234,54.919133996099625,23.40962328130415,21.392071845633875,30.759089775562654,80.66100087158345,7.404471343925878,47.31069836991612,28.477239719796867,7.877355783092477,54.35837551552507,8.777982058007904,61.480289189865026,4.355323714152092,94.20338969255613,23.781671717958407,17.99720395805309,93.08290328194715,63.99521902328465,78.39797461564551,13.75350643584704,25.610469949697734,31.039956762876187,1.1674753335369603,49.22148368649321,31.392692893455177
16.286719449877918,28.194848834433937,0.3428524492193441,23.264724471801447,12.267131024911615,96.32683607313545,51.607921032104976,46.84025865017164,7.224399493267231,28.55684081328618,91.9673014963561,78.75926665341703,69.48755435847687,24.112881902716644,88.46860130496215,94.56783208250779,38.452452257095025,86.58695497296324,15.30006068639146,51.414952218437236,94.8133931281734,59.31096855311924,50.44921107677206,13.000351062597614,94.46234334089002,36.19934179146054,51.475426257190726,36.77499766134048,19.768379934489477,53.87780539195008,5.849149355259653,2.6372971268902923,9.485632481866102,38.72978423588297,37.136778669476854,22.661934655838856,17.90767206238253,22.882852841423862,45.34124882518225,22.56551829020067,70.99314286785794,28.950734709938565,5.172391985101276,13.340652171783518,21.119601552566348,13.197285473807685,2.0331355314587074,74.81898860432523,14.333706295899095,48.263624796081075,61.29954116221398
33.681426512520865,42.00005401207536,31.928983299751536,76.62701392684916,60.24215210645831,99.93168955364234,24.763377077876147,3.530586277765191,68.9954411262748,62.688199767934194,85.34369158981067,31.0880650510704,91.76473135181371,16.731623549743833,55.10393208930691,79.89893080646921,26.888232459909577,13.756752462151844,40.71585648366708,37.657742027736816,26.68584856877644,1.7187013468742407,21.538597921511936,96.20870566818614,17.54805458196156,83.15118474314399,13.37281562663567,26.739789609076126,6.672036567468719,70.18422402547945,37.64814783482306,81.4335787788078,3.0821625266879926,46.65093789690542,72.62635357582144,73.02414357976622,71.53526237920592,88.85582070415255,89.85255201135189,21.552845805276565,73.97702752040894,37.21636093379851,57.53741054773569,25.247526947890186,20.740238764699004,21.881262696966463,94.45813176508965,52.24205176857579,34.892206101132295,30.897231728543662,75.3018293856542
94.6851020306101,17.43961880613555,82.2386878521822,15.040958548841154,52.72495214400451,43.13001995082148,64.04444168765303,54.74811758437298,39.79890229197615,19.48071346891188,58.59650130158557,98.50393986489665,60.14247049761331,79.05972483932896,91.12206082013853,92.64831887830462,91.67714010052191,11.157799315389783,57.52736358631013,70.8486008468599,33.258751705945734,37.21023150566,64.25779345057062,19.112641573397404,51.827880440006716,88.09295940964624,9.221903850667413,66.19541326533039,56.804431366091734,60.50235812523093,54.760455340684935,43.13572204509363,99.64110589619511,20.784716665473525,92.64045729317026,35.0650227749019,79.35387828774543,16.107191861637705,17.817971264339295,73.91135434021768,72.15370675090837,12.22256410949395,34.66655790124863,82.10135055336404,54.74528810419256,82.31088492543113,26.145977903620064,28.10371053839953,94.37088245480516,73.0332780678816,32.95373384097565
87.45591732653808,25.732923380502527,15.27235231163776,78.73516118386242,30.97709278761277,20.669405862987354,85.23071687374714,99.70667612612787,91.05505276122572,34.55266713725889,11.67148500284705,50.16191814153991,59.70175294906929,65.94252647956199,0.2331831581551702,56.90500692693825,55.396827674010005,65.10985120128943,38.9090463256556,57.40850519658631,23.951551116959635,84.07234942974429,95.67472652492461,91.99100137857808,86.39102041908696,23.767577351714742,4.5024961751948585,49.856120062945145,30.702207050714936,22.964681228890825,77.62252723719044,45.66290170366785,23.49539988325169,51.84154767357055,91.41172714042118,65.40742556118462,71.91041621197431,44.21236586921555,8.22828804010356,89.84611825585118,64.8757757960663,79.53731200621657,59.08611936522662,78.36658627657744,81.2118135889897,29.179420275099478,75.17050129263242,67.87095398060954,40.38862450608133,43.672610429274215,73.53755625979537
19.504050039397068,21.851872396462845,53.650312227576855,26.526859053701624,68.58039639556172,34.3079933374734,40.446954100709384,24.20952216813851,88.59152559575699,66.66564972061134,8.928087578077504,34.1667317058604,56.25628687535988,8.687628405851333,18.423358279086088,0.2664394345653798,64.9655428093474,83.58579136067551,90.44906509898806,18.510231062166227,87.65685040987499,44.70915795335719,18.395320487276567,21.593775473274167,96.32873292104497,83.32249502186279,11.25829098444916,62.32690305303568,44.62751332520089,27.14479257191853,53.57292521768833,17.38446455501621,72.01295668219949,26.62815999620015,11.401438971899625,19.5048128228262,40.64079992964938,39.836366240614055,37.47518311236373,45.25077219001298,97.88398515853943,11.050969574222657,85.73982611838586,78.01014044602512,67.07516054896871,62.57685714458554,89.59685449269486,67.82670700924636,32.27029353048074,53.55639879939601,91.6042574193923
14.59534306693695,84.57651059892368,10.261522530149636,60.90673392039836,73.04762202122228,42.44073755713691,44.4733324406958,21.090102540242395,24.730237266303867,47.93477529715096,83.76995224710807,54.73261757920071,24.229128772748687,71.4520498929141,15.778989652890452,19.28551510561999,25.41371047428188,87.78836854058363,70.29423775309104,80.44639534349848,14.477357641961719,2.6810044882471185,31.119305371203577,13.624514876612038,5.463117639504467,13.59926994441497,97.8001458555005,2.2093005870655436,60.25523359485278,91.67341476078683,49.32737555490873,14.298551691458815,59.7842806334739,8.057052861235869,28.408945196039703,92.08687357534389,1.0734429231120002,75.36262179310387,75.54126837387403,80.85080848848033,34.89673415166432,44.69462242793634,31.00882275121912,37.05533170017424,70.02579219977825,82.71812532485612,75.068488858985,48.67640641641044,77.28814278898625,96.85484407622909,94.59790952138904
14.478545476485738,10.335169374467956,47.54260866451789,79.35970465158431,8.662887505048378,44.93531964549051,32.00350655367231,85.0397004447561,42.64231765305166,39.318874691130034,48.27095324736921,78.56104690751663,92.95931587029989,77.91495405968726,38.007503972890554,47.52922061830086,62.28356116604117,19.59287906060534,12.60224079166985,29.213800674802126,67.4902400029432,28.848211323018248,80.59318858797465,5.648959972959466,69.90029355504863,83.58595787018595,0.3421200669858293,28.126322026257633,26.583184780144798,24.210191376420088,58.555686570341756,34.21043180887582,43.42165410278401,83.94772744243996,75.67702795352497,4.457309701308832,70.43516863211698,63.48870124286332,23.260983345951804,32.22069109478739,45.071606926135765,66.37225456589475,89.40212789443689,61.38910846484811,97.95992408635612,60.767262982203164,26.598406659634254,73.08370637958464,69.60343998419505,95.55033356196883,89.96104989295792
78.49941009303805,71.40565741278722,77.58296616572224,95.04633865786325,95.15148645306917,82.06676640905775,60.52348279336191,25.04733231069749,83.77423827986848,12.103787275637101,34.157668919518194,82.56663839832044,22.13803046083518,55.303765921797876,75.26456690068919,30.76548846283398,85.51414955153385,48.55226647686241,27.0678853609983,10.467502816771823,41.70364434930603,6.362348434589904,87.92260646387577,22.752153433820588,5.676952092964105,22.907485740606482,51.17453405251047,97.76390121369198,53.378110247807406,38.03974453854758,82.44854470788893,63.05641914776498,1.4691534836579145,79.39981989305416,71.31083930230446,2.4927984610872533,52.581516216720445,1.096402229377158,5.395711801250291,0.5091351957754675,33.1583211552289,25.328292559110498,4.050647800842677,77.26019745653431,45.42585103970236,3.38753580374368,17.759059939851607,14.24283605861022,61.88815566177644,23.058677813341767,46.62807693565269
74.63111051359702,69.094702766092,60.113297012886434,78.42854951409387,50.63889452711824,54.10595365582716,39.01658388239291,51.60875067025861,36.927958882625376,13.457169333731967,57.965880065433495,33.19638069259199,65.0960771235351,72.31925965201111,66.7203407653371,16.041662926133192,67.87228714620655,64.82329288386899,12.59418458704219,75.56029911535398,92.76722173756954,0.9917500806805979,95.45405413446878,84.57640832397657,84.9509033167288,23.043798416390594,40.31182762267479,76.52218754532554,28.07989665643369,65.12545831788036,66.42295735987152,66.54806191056882,40.391982673023676,50.144637736070166,42.08933502529917,86.86929435104057,57.940920773777,73.79078144905094,99.51204637734601,29.854238435088554,82.65683153918326,61.55439150310089,36.15466151276136,19.508829653233263,65.36163118127686,79.93890491884031,67.48180344730869,8.996333595146854,84.12242892051259,10.335274304036568,3.6890787421238525
73.64488396672334,8.137300699175364,39.15201713351587,55.52423907895066,95.8987653088768,96.08502457564624,43.22158149411328,6.561786494323751,40.64728601399145,57.41296041056041,70.35675417769781,58.53692533903052,86.96137285680734,67.82562919431709,32.68475543319309,72.227932693173,67.97489588333289,7.112088423460938,49.95847676670777,29.74007907659255,88.55518827438725,97.97070447276764,47.7331349012244,50.08880672013245,61.48264213381609,59.47587494882961,85.60637334877987,5.3127549148842546,37.90179409349863,70.09844092396959,0.38966678356487927,60.12081752921665,18.711120276284454,42.68485782517383,37.58817003753171,35.40077155796381,59.30046137685557,53.84016588686455,80.47288509152996,94.49180049884856,61.66924095954044,83.68585186883881,68.62468750227718,48.71077336466404,64.78500725790236,61.25913588148128,39.8107220310262,0.16295900164229327,93.54695647013823,76.44507456643198,88.63486184039844
27.51224565507908,69.71961258055566,50.40594621872659,85.28645862324804,19.27904355669877,38.799003758710896,40.41276671486143,87.21345214783064,97.78165477853527,92.1750251854639,72.90691959578565,21.53330667645017,90.41167364715882,43.11122035395479,65.24290068381524,55.83466458856894,47.77710792518896,36.78936568128503,97.94198573447477,9.061546991662139,70.60030063749487,35.83985152107142,96.90603857330474,80.685538654464,23.97526612715334,93.55689283220065,0.8801794151884423,8.380491349583785,26.48164660306285,54.790020958220175,54.15682136928911,56.16773079293409,72.08414387167082,73.10937741922714,41.984751424270925,17.124260072366205,60.801193431396506,52.17325339862799,15.55639376419805,5.434704852542039,19.302439316012975,46.07221757028351,53.3149009191069,3.208308400188764,18.555067145694217,72.83623513573355,39.445272766516496,17.263865955926438,66.18834016266915,25.44812413428761,85.7980730445022
40.95816602078954,59.82120012120921,38.52836803692045,98.77675710198702,20.637667661813865,41.11266949627218,66.49169739523887,3.8498217321842443,50.2288771863693,70.85110945786423,35.7849255160996,79.06219568015564,34.125314810334864,42.980923162360696,11.093253636068889,34.5868007712997,86.51216219903296,35.67512461804617,23.094564784132555,8.434695327269438,5.723124631303178,77.51352026413241,9.61537375984034,88.02002314435981,68.48657607819581,44.53918096516711,31.76405606316388,10.013794919975783,1.962835471390456,59.330732899352036,28.858033103478608,27.215206597166365,95.6723409280947,89.08556773713157,77.27773640132575,16.7241539577195,25.67722388592728,9.140360257395352,81.99301876700424,38.48573731985123,96.28267146438402,29.370187810631833,77.63518555148805,13.346197019115857,56.604617932142574,55.043498977226825,6.317193844722513,71.99661238550831,86.15019184038542,46.45595466591329,90.44622741820413
73.2178962064498,10.988330322777063,56.84980129820399,91.72076415562545,8.460514636396322,22.14973957256856,82.2014867854167,31.19725327198799,34.3638826543041,97.3735954839703,38.10582484822267,82.45412386966284,60.679476253725596,50.92305993575664,61.198326866688,40.041107662694245,40.17816466454833,95.48396517704766,10.27504946627742,22.028736353300182,38.9471303424823,77.90253745419705,77.58697264636737,98.23334199194214,17.643199134040554,96.55684379968913,10.541833756007357,82.261182083093,45.25827580433505,82.11940332262249,64.8739140488906,93.80207019808685,58.15419505455658,25.445146709979127,78.60690322239188,35.2658513863646,72.18175608411444,85.46787168005399,47.87778703814557,86.37659226072853,76.50766407910258,23.255115181693608,45.42240441275038,77.59721857547983,35.462725161064554,95.7916083164629,53.71060702953431,35.90926130897631,51.25649169775285,17.47266793851573,88.85483839952299
62.57786449813922,56.8669368288594,1.8352446724701488,86.76803264657472,18.031990665719643,41.4521725105392,74.30544615843961,17.36914321234677,97.49615071908147,53.60718200780295,91.85828095127174,0.12337152268985241,83.89317738516817,6.04719637715726,37.06666970733609,62.3767023582119,79.0876666303159,8.859727306621135,99.3751138439459,39.42966709274182,27.35184310220894,29.189532217433246,34.50672039888515,79.81198023410599,75.39543095367354,72.22126109517978,67.35343795796535,73.91306066478346,72.20977620810172,69.78092994397542,53.382379453519334,28.174145569895447,43.52927275749804,37.48139844708037,51.24179458457546,65.8391430922984,64.83049489820763,33.2027937052658,67.92724668085401,87.02194672890123,37.35047783648506,35.76866737890789,22.093033234388848,96.93706555646318,23.374417508968126,90.8699922514418,2.836711051031393,50.94960912146191,51.623121993305055,1.1870238443276282,64.92438120492208
39.35153140053711,99.96901232983899,90.67536530376994,63.509499028856034,40.43134874081353,18.35287772018056,31.080690571338423,10.326616106250297,67.80054597717924,50.64525078043003,39.23481258375969,27.432470175404113,75.28802479360243,4.456865336381089,18.492221387335526,49.78320559756185,53.653664265547576,24.07907323881836,64.52523978031076,21.92801603124662,13.95790469858359,17.588213514820904,79.06235460872358,29.37929596744835,22.135895367236223,56.487262509347005,36.15437144999882,73.6098879422467,48.835901830130055,11.331387550425875,35.5270747284001,79.88155451131074,27.160598362059606,20.41442092268877,86.62161718537132,10.944272115458375,21.176338353269987,94.0653897330852,80.5582118389355,21.721093154070438,15.88463504818175,26.96280035580689,71.59834929948903,88.98349187499664,32.431849470927474,64.1395060752218,92.94291696060306,1.7474011974852544,72.25938811596116,40.63310815766826,88.14455282661375
23.160543276658775,72.03288811095871,10.894061314946079,93.32961901884565,66.7235432926897,76.17132400208831,37.67076603403642,53.09551249179446,28.849278280989566,93.99878372650288,53.662289100789174,10.906062341352762,39.85420073429534,43.16157842751913,22.9403327189572,46.68470958806282,32.431415317366294,36.513124759512635,56.052463022893306,91.26718370722342,32.623323553712645,70.3729533659185,2.530306420677153,44.341723728840996,9.252217219853943,14.034663385686452,67.06781183254287,1.4051782907179677,30.439764998199724,98.00626217903321,17.76660862413725,45.819046069995714,28.69824563034601,59.309224625664015,73.72394968196541,70.54810383175503,28.55554548586685,33.58330673617229,71.26138827662584,15.858996163872908,86.92499025761235,87.80030451297696,5.167677960997851,38.540839039458255,44.015290149417275,8.837845535967626,16.73616406610772,52.03150036868737,93.79783684442667,51.5916553522481,88.53680711685224
42.34961802431651,98.86323277301832,94.32969508740425,16.77944798299955,38.64192071032744,55.452887019955014,74.03908672685114,35.51632002764199,63.13502500310824,78.1404248894942,60.54701142718688,24.374946038813185,66.9889603550994,95.86893169903809,16.22924497919669,24.17358542214415,13.971829122173284,96.01061115146364,36.104436744957745,7.045834685580655,56.75385952286651,11.066062731955329,58.32165266502904,21.304152055752603,69.96629343119022,35.46504601846492,89.7281023016085,53.578067922603026,98.1422608711085,13.421710486216675,41.70879860726047,85.10054329950283,94.92512255525656,33.82750302983537,39.314542887029745,87.12740004256328,34.984341256196274,21.712296552772038,82.43006362001009,79.29471490233085,66.8036598537436,63.64833414443278,26.225434854531127,82.73712264259242,39.80993834210687,78.68338611015166,66.32133828397369,62.14676483585748,81.9582072465308,27.54378717135686,16.579054080556844
43.54735495897152,13.712137420565117,95.64521898304109,75.90209442941106,8.8048000626613,41.55491855967705,28.615167735786873,42.023303945547106,68.92996127318352,97.27592692127783,3.3925315666472833,33.24847489895948,35.12020817565733,58.13250050644119,95.2344490844533,3.9282754969551137,81.00440189146902,22.341726318930355,85.76008839869294,20.369642656313435,1.761856137596285,59.14806753346252,96.46850271535249,32.4875485681243,37.14872840950372,98.5324154659653,23.22519625724536,33.53566015922817,43.831152457937236,10.59989820006021,28.65686815850107,32.31062538050842,17.918629564097486,12.405061646047832,9.279153600489842,43.452501016842525,65.3261722775354,25.3952886405573,51.782237096970285,81.59768597619055,61.05804318415496,79.12969626955778,78.85003265393016,63.889299397905,85.53929991011826,21.921657600369294,54.45217343766233,38.388891380362566,27.923923630435986,76.2040142671777,0.14660346159390825
68.10313222827828,1.6393421480333514,70.4502870576808,77.77502189521279,27.80017091213348,92.90305551954702,68.96536585607782,15.245985283585494,96.98675768785891,2.068593935334251,58.203505695835354,51.33300726489311,1.3269262399288606,88.75509694694563,96.86973701290144,42.090694954143245,52.75980676559612,73.41216097497619,3.7055316896813406,29.408506151418866,95.45627834349173,53.33853936060338,18.89512498633713,83.22127622598809,78.10771447124401,63.29979493892603,11.463304183509015,4.58807547072394,7.514110956117315,0.030210515651107883,15.983277575087929,10.903123328711251,93.40811398097802,0.6150942913164981,7.71206736143919,13.05928554414476,96.28681247775154,20.276286960943292,62.35307115354707,11.599631014440225,61.66858196946677,78.5099726518471,9.691560185067704,9.703152890917277,94.47342239777896,36.48496419834941,9.228998152286948,4.228437737186496,61.701683355555616,14.770115116306993,99.05993125741631
30.223624199886334,40.95734233119484,38.50582130197934,97.88679099795206,93.02029558346061,37.85255196170439,31.67308444663667,95.18946954731776,27.894064859383082,47.22006340582754,81.48088854489005,40.12975526751148,69.29555548147718,78.36878686979117,10.6642045683207,12.260450815547575,0.14649752249773496,45.34030535255664,31.48567966302327,33.4948296548518,93.59686788366227,26.40325004463141,84.052686045624,94.00566591779493,32.36715806497603,5.099234500842609,61.28307903041231,87.06559949701331,92.41062116394106,81.13751170759292,24.023276164702978,45.14809223303481,12.650771173349195,64.80013666516746,28.696878410592884,38.14180621834389,29.981218081768457,98.57778217084181,57.94160859138441,85.0525521537311,63.66636805222237,66.47967529051675,62.517441670883414,13.340319510837661,8.702083541998729,35.86740311487018,6.257590548815484,62.714913410170645,48.28518212110967,88.39844144532194,70.14233243169885
54.0597073051873,8.082320667393272,87.4940847755122,55.025274741376066,22.430262293397885,10.179963220027178,89.14495369351883,45.02963137097704,84.61881190754966,27.556304347853466,66.16721099386392,28.67862239516882,72.05061588973052,84.13162002824635,38.2912112854835,71.0031112225741,59.23242425710061,78.0897785947405,39.47143053083726,94.13771108075196,1.6126707612960423,37.57634236291608,79.92450421072444,1.242717745101496,30.142548389679135,23.66287029114642,63.35587797589447,82.01414757157154,63.71420343989406,0.2678697323831303,68.03262768745815,50.381563361558946,12.402757289095344,39.320506188076145,73.36235358017369,13.189339211295902,48.0482226851461,13.200790420521303,35.452799600869454,27.303484534055812,41.70346580070099,1.8162405360218403,45.35859022289962,27.818074357553535,10.147024859247155,3.7673909051737953,57.97495537174681,2.425765948246761,47.79960875842216,78.41631025892984,89.93779780621263
33.12926914673325,78.41970185477307,39.187715973003364,56.91215317886692,92.20384273376256,9.917486560575862,4.644125278941291,55.190128793427085,65.07870972941694,14.967047631542819,40.39666266929416,72.82132788874338,27.727055092136567,27.355294018341393,50.246373501800335,65.41803368118245,80.14902692331243,69.29022851270733,87.82557279621996,51.11227549951827,97.13515920585716,56.49321291215998,54.191548756134125,88.87751528234739,8.795912182830811,14.003566642127174,8.592258876350078,91.71058659504132,93.62358378789132,1.9078188266143825,98.67606283216071,78.2613088424768,35.192447166280886,78.89042883047398,76.16325777904635,64.68477998579681,85.66537712760517,22.509149099156613,11.916741561875288,20.827030289179394,81.58925222763501,79.30967949879158,6.5129690464445495,31.074619190927255,95.0552691909228,2.9354512728855253,0.3491798126234791,86.99709764329417,23.7197424170111,74.11822903593146,12.385889288927332
95.55510545683978,66.8081218512307,10.44950146967526,95.21887777877976,79.90260549816931,50.426610330995125,58.0926060941814,79.67761026942371,53.7934799938437,74.26436910450538,84.9890957867411,97.53428611229027,93.15288545904575,6.3546732352677715,32.37548462827631,74.08416902656984,58.83158043604563,55.188512236677624,77.92283443675646,42.05941673472571,83.30871728334077,26.916029269758823,60.663596499355585,23.836078240986282,39.16402061837998,20.66474444532165,81.86153379908201,66.8684226024916,66.04252568583793,36.00822514237378,40.59010603999309,8.502195162894067,46.34656160933963,13.609736236997815,82.38873722207342,19.185707864934542,32.78104392247477,35.20513057557114,89.23528132897309,55.24478871421968,23.000837273068797,64.12061353896131,95.35266248027237,47.353133224677244,27.021379212031114,41.10603411950349,90.16727876439457,16.75398683659096,58.17175763822101,16.757222210487765,95.51089098411182
31.34873957860903,28.550660517242086,60.863089123942714,63.45893927764384,93.62474963525955,75.85417991245626,98.72763799766733,15.121103543480762,0.05979587223836624,60.741955921726586,64.27806002431197,76.87998966257564,15.351451781723469,77.27728537678102,18.863293756651334,50.08427161888136,59.234517718403346,8.273595775594844,38.83522437055944,96.95575502979658,25.329658598463844,5.449581747039822,51.90985086787059,96.832262090623,60.897168722938574,42.21101580275537,58.75767488507868,67.24082306758753,36.55414247260415,24.46152935544741,68.39212652432349,71.01734416025322,56.431965615103486,44.13415686763222,55.848535130451836,85.75326094562364,57.01919995607986,93.42713361214133,36.2472127149137,73.28486084965749,33.08642361917143,15.919463681057433,65.93547737296507,60.61645041184538,68.34149988861164,18.387737438865415,90.60292465997148,95.44967219810587,12.083553616128462,73.78809441968484,79.1425021883251
18.128535791817267,54.2816786989903,10.829333809990926,97.48964979716719,95.28119795247824,77.64306902584092,97.14887462426799,88.4664155178385,65.37372677690338,72.07668364851286,2.5006129957412027,22.32015590056442,17.28529056326048,97.35723550509171,34.78026262532791,26.877283435045594,96.27665483426502,82.58517212319778,84.1992990191998,5.9448401948460905,1.2558042036928785,38.96019324939115,32.60433309868013,83.72258062458947,24.228936699159355,38.83483457490472,15.878279935617211,53.40853658499245,80.16928915891985,51.10625179992251,8.67421497710511,98.11876437702804,30.63973177388869,18.38069949087078,91.20198460491099,92.04583888077048,53.47164272185731,59.695203471663994,32.9182604803137,56.34507820566825,33.30523929479149,4.6052808777717225,68.49040586911347,69.58144779615178,20.93952519404305,33.21656618578702,25.39375028096441,68.76960129936425,30.556800886952995,99.69774331115005,4.268723275588693
60.22289191425473,36.876862544130276,59.40285879813189,56.68769731687523,68.92894848199592,17.0531054702058,81.91903153776356,49.06670887838087,41.704540713784,4.9811228711749145,17.16675710673108,52.331847811645815,91.62211443358161,99.63991238771148,23.311577558507647,96.00403006362134,51.83267935187319,85.10159378046622,32.16214779875136,90.9429221949687,9.288617556581148,26.784559191350066,65.21273549587518,1.0327835380133932,3.8739603309656756,90.5058507428219,11.832931248429912,27.23075018087765,59.11007138490233,54.00194750541397,31.50817581521349,32.06450005563286,16.17306297505249,31.08940750551694,9.442474501511477,21.278301427868527,67.43562091959829,89.29560918241492,32.38006181339915,72.651251502462,14.79042239422197,55.38473692738888,62.781438602712356,45.02156208072029,48.00704898648337,77.21953929711935,42.784072820547415,31.68322002871453,94.70629066967106,19.407102462676985,8.4285081684077
46.56452885123753,61.90061078808101,70.68555808414148,66.91156932582481,61.83162075943195,47.85367522743413,13.465867071064807,34.73425194357452,55.177381565060614,97.39506102562585,24.410971361179435,73.3811373618058,55.596752405533486,53.56060457119207,33.57757529329387,83.75269424183952,15.957479628042703,95.08170106800304,23.041777494264416,35.986704866848605,28.151335750936813,12.984956445922846,26.126300928254697,29.301404063025615,24.875028802506314,48.37445502238378,4.706451517503085,6.107398113262697,18.852920462287916,64.06611270290763,35.0640625616656,39.94125474620941,52.66609739948752,82.86843211923114,2.511441554761573,70.09320903637047,84.94788534938327,19.794627680347798,99.30494458674163,81.31613706538292,5.5365084442282715,38.45317537557188,67.09730161052114,54.63609795056931,54.319754541807654,47.18593703209392,54.214279200407745,17.441984239459817,88.95659455681583,35.024417057465214,62.813822315484316
46.03238204421124,65.91825338731473,41.068382207681566,94.04262175156917,66.4325653596557,80.00550824150491,11.234537755402663,64.69637773280789,68.41843443174564,13.19546408385176,83.80121299671208,13.389329284635455,42.28108798572242,61.17128106895213,96.29073388959691,0.12893186557809688,42.18033336765754,29.25932377285353,27.233124298697632,29.123756984745263,69.18134301072256,12.828964625719962,72.9814040251145,33.44271605064962,66.56008079108207,60.47697363283331,10.932262129988912,87.63152986474711,46.6997945783045,95.57471027282082,93.50486120647656,52.45910484243353,54.74341197201822,24.297241536848514,16.54554923199263,50.2078838907169,95.91269201406857,28.72936413102687,28.229890734207473,71.95606633786674,35.65666282552932,21.99471846255696,32.808176738272884,24.721467377776918,28.659241384168155,88.90311169395466,97.81704313362545,84.30831724768608,17.10580010637005,41.57328602752337,70.55912667320023
78.79936270511122,75.91820873078939,70.37549388505502,80.12911725480166,33.98789477390023,4.313869939726356,66.17038350412614,89.9686641913095,34.334102346438165,28.144928229979072,46.596029575359154,70.34743571499308,34.85761760892841,2.3614680248136954,75.05152699788086,72.74110274553259,25.345345041215396,1.4443494902278475,96.46526139966304,18.160810691448315,67.14627328691559,50.17674307803054,23.05169150891848,35.780113899780595,73.4446316765775,60.61752656623738,92.2557991141568,1.1150135415286533,23.06247094730193,88.54445166624019,82.30122791959734,83.62017089215148,7.024853459860248,66.2556737883105,43.852316863024456,70.7743376968837,33.40757648875656,76.61385491584399,80.11902204327953,1.3756648157293827,94.84994393367133,3.765692032878709,73.24088010640516,26.97006931512329,92.72820621759112,46.256775825931754,70.19121102886632,60.1117028643348,96.70588803395202,42.93626202956785,24.258949059709344
4.395686050444192,45.09198050572395,7.308152751506025,78.66925935311413,27.226125142949265,77.38784127347029,36.977070030386884,54.49311663617243,70.1093934846866,53.503205281265394,50.48015879934926,62.10561893194806,73.19690018593333,68.60112462731922,14.570915103293292,36.89771022320374,32.87123641280606,45.573209091415755,63.0267333535981,76.07070307922135,63.01867837834857,34.248753025773325,51.254372175904095,85.22027136568052,18.51111816647982,66.76631976090988,20.388007264099517,25.627833518440024,43.20232046292768,37.46059462646096,91.18649796750961,60.46969401748519,17.206423922897784,94.18279913601148,86.1517060164883,79.7955546962395,30.434002330266196,3.1526086644681373,52.1194865816955,41.87796531321881,13.008426959947117,42.541376485818446,3.7078172991100278,76.1071988751039,79.064268245544,51.850915700210074,39.45164942093101,45.9474502427101,5.09568655378585,51.8359767450833,15.40798031035343
52.039391352963534,23.820160763554355,98.71005544733144,24.989125840211766,23.830642959838322,93.71689825210564,46.98264729302784,95.5138357883108,1.119572222949361,74.56146905009516,36.17370046975296,48.84546451827706,29.417437431173543,44.68931221558742,46.09025162371188,16.14545883978973,73.37568759779506,40.429539535874646,43.10465852660484,88.0063228574914,60.813181447352186,9.59695765692905,73.63463663262426,30.038788431515062,48.88797099579253,70.89923565348985,63.91883955661396,34.82004779653971,19.889345091768885,13.215206778704246,61.674506574620125,32.91734676756447,65.0126623686973,72.95084738586563,12.861689355284533,41.64001387228189,77.63059188313761,7.611492885494819,70.6253653600973,31.809858730609484,74.5579319695761,80.19408055017169,65.51797542357662,33.62194156549796,8.443526432667491,40.012263681212445,78.49155367586927,80.05916819495344,59.78857232652904,61.78649108458839,69.03349697576976
91.39225198382765,18.50350357340873,64.82564328368106,46.42100604005651,63.00484224626026,24.784341634326367,40.5027915597645,63.91123423997366,59.20039994807904,72.53051889467551,47.768278884535654,95.76347463061936,72.00991997835285,78.61218777214954,80.65898263591158,23.058013046335425,56.26399003665404,57.113556310148994,11.306662427405156,99.33787446129682,74.83724235011546,92.50012560603864,70.69166140822132,56.23294291391634,66.7972921269944,78.43520935860595,73.70415270584658,40.29096872924014,70.55425755083375,39.154015855985634,32.89845203817102,22.152298814685032,85.19988042726725,22.010033963995678,52.4216768286466,91.53400519024814,86.60586108419494,95.42167539176799,6.96058882094942,66.81326635624394,30.53648476819647,3.8847674868939364,50.350470616629416,20.813217502517347,67.9491321683527,27.740887609103392,51.469064891401175,16.030000317771332,49.230431010489305,39.96194179284356,26.688461982802313
28.827912684881884,36.640036208778156,86.48348921893,3.880468242271995,34.59007778446181,72.65129876207716,95.4736123382244,32.7055199588288,49.56621544757594,70.67386091476531,96.4898898095094,91.30682724029698,46.22664464552264,91.9576579714025,45.64162176832441,43.69667921198014,4.7231802282620805,48.480045363740665,25.36389091629524,80.81120418189117,99.7639970795252,83.45835424378242,47.78553413963036,25.82598572773144,12.77487563825741,87.52514946005596,79.80999044863162,7.381375251852518,13.647497996258862,1.5644011216197962,41.63952860580339,23.581867911066656,71.15963209176874,71.0614392117474,42.87846080981607,87.29129715243712,16.32988790441805,32.66227208737386,32.61838773756674,69.48092433511422,17.745912051068547,98.86150190382735,46.78848550341521,61.5844528083319,36.509287317743656,36.07225776105351,61.04750212613587,35.54069487731732,64.08581472048394,65.31463389084503,26.34438312334202
82.18861300346624,58.25447813831018,68.63740907189978,53.27219232560317,11.099541913206846,75.1047365001434,98.77658749882869,21.91382789787125,22.70976601027288,28.445690290791028,57.655323982722216,37.04448954620161,79.65716150795431,53.601172647372685,66.92710303072825,63.50861490717171,67.40377204822452,74.19741121038086,59.72672183265352,82.23181209582121,61.8607801679232,83.41036487314032,24.36569628430639,49.46418929286157,64.99547321597802,16.66471422538932,14.7961041884622,42.7252153106925,96.19251118163035,49.15275795632803,37.164775859319164,96.74635146574754,75.1057801103878,78.01112099146161,52.52595582834356,22.23950215818029,98.59235214646228,5.249716466938037,63.22540734181289,4.254849733842326,20.416656676926724,75.9787041129451,7.256504907093131,35.1759924930713,32.289106550863835,87.72745622579248,4.630207210370374,13.32221191268772,45.80367421211549,62.423698272589036,94.24110569604146
56.22595078329986,64.58262253990236,96.03219695263566,47.578178420806125,55.933386602018764,47.38609300523069,26.303845666716697,35.12112676083339,55.70561142773324,29.35390103026252,59.95110741057118,61.83531662812953,94.37651259338028,43.119623717235534,38.51374481381507,82.168941073135,94.71240095186381,91.27044173835564,40.60088567941587,87.80855603146783,83.40433254663279,25.416345501286088,3.8479506911838546,29.1783487942062,20.901684466149952,10.923496752074492,32.98719490902737,32.31636529153485,96.42653763860082,32.02309120252288,51.153102584373414,75.67193591010607,96.22290104758858,55.26489159116835,98.56552707600704,87.80327508289587,79.54566772178305,3.1208798849047037,48.850998011819236,96.19001619482897,63.91379330919415,19.089307531852285,51.95727032917671,5.251694807699647,45.33983852442266,11.58946961312537,32.95904845602928,19.269073331775953,9.45953505183158,34.53750207112382,14.598688211783784
65.41964896217625,60.39544638292384,80.12558035628592,84.6341876698069,84.5192459805728,23.767349458117504,45.344958022038895,67.68300193486546,37.41964481084236,88.68631344999082,45.058636428229526,47.83671869580537,99.11149795105507,11.592252289362504,97.3077608523625,45.67417614601679,49.420546264051445,6.926299415772519,10.424642191411193,19.592170160269973,65.50781763344524,49.24319017233755,82.06001213144648,86.98462349062883,12.379071664097962,48.47390451310362,93.26871227667284,81.31517035321389,27.24905028797484,16.715456394463146,6.551479255950965,26.87398774018055,55.58794512388009,12.934931427905116,24.38714100083308,40.05303556284879,71.2807780654285,2.057308956291115,53.98675663586544,53.9449696718453,41.64514718644142,2.2319739577296605,99.98317532667672,15.046532386744127,20.167889031208873,66.65842568834846,36.50075739963761,55.72827035886594,91.43721982726639,38.703617587849,92.63810301699387
39.67426811982848,58.42007861636981,57.62206498969833,44.38596015072878,26.1675562658898,97.62254924277863,84.15053651827927,48.30321664746076,10.086815325056397,39.38906763354788,50.62897411007151,35.049381213041755,60.89859398364808,74.11766897702218,71.66070034006427,27.810134046694724,7.47262583790298,11.156973650266778,87.87211335606764,50.977363924220874,41.287051390608895,80.41072457150061,8.955704031288025,55.22166372537409,50.785247977544124,15.331358374921134,96.23550590770886,61.21246465309533,12.895079145089216,63.539399049934666,88.7997497596946,59.57879722302161,10.205859484563106,24.748394207543512,31.563916646889357,60.72010578545323,65.44399950849873,18.758875690772292,57.622649041047104,41.935043688782805,50.602951723809596,5.013328411302509,67.33345985346314,49.17738574485306,43.894231093407384,92.74224661674214,7.925945399251244,40.92898615249885,2.764814736890475,97.00015917355121,24.65278842070181
61.63232280093743,93.00195415984942,71.18135519921529,95.49959616738437,23.949384075423296,17.076613303714872,98.6906727079407,58.49153706843192,58.38571594062842,52.17097680117475,26.221295977627246,59.433712194322474,4.6883791252516405,1.6683813656457214,93.9190912882098,96.6528194501209,49.51679276062744,96.8397702457752,1.2236943735863592,98.75314149064425,78.84108992983394,36.12086742654631,49.12494468469008,8.58766008592049,99.68055044237114,62.77572344936399,28.410759101433168,46.43158880227589,15.668905084160079,33.07977098424198,11.00065172819875,8.084620064335546,26.95480144791479,11.167353009190496,4.9595709261206045,46.65990227212069,6.071137985904274,9.098517073739476,59.42677232274431,87.40335163999285,55.64864769858994,91.46653010055753,34.56367092794318,50.08241550193099,21.35281593165532,85.95068208529739,49.11040207853452,10.266087222160248,93.29297199985841,11.217414249880209,34.998069272851936
50.430140257104085,93.6383003559136,48.724861409664264,97.16982116170078,2.340042787690988,68.07016468788417,92.47327123684428,74.76218844264861,0.19557372654844807,7.855237969959028,85.95047658637343,26.876226927633716,44.16471157434544,58.91790658627212,91.44885580718474,5.567584683715799,7.025824996491991,76.27524469928467,37.56052406124009,15.361062205449683,20.145053577436578,61.26908862805481,55.859772222063185,60.58470134851889,10.261395106368731,80.68067407358282,26.250523010076044,9.982417025796298,68.35466580949702,65.5871249466028,66.464308236382,51.80926392742444,80.70430683449074,14.807019024579827,59.36285182667598,38.744285546790294,99.88701318005056,40.731082285996614,77.66888290409159,38.5781953313493,95.90287166718532,99.95761633741458,27.334482843994003,10.719614426958346,78.62148093212895,68.30915518335536,33.277653231706715,82.08026472795089,6.2236033914047635,51.71372521496209,24.48516865221282
80.91622880735828,62.65316094695543,0.8445065090087134,7.910050071173269,22.85492225859026,70.30696001650871,34.05328093310015,57.99784880478573,51.284230231399405,8.201463297127919,31.407626560184397,8.307048310810195,82.18055206412699,81.10251541758235,26.013006014437124,39.335659506608,39.088024961953536,55.67979861142508,56.870888172305634,12.289055645136349,74.81105232322079,9.531052949191421,20.42859285928348,25.690594852614446,49.19845255383045,77.76926122277203,26.549140514888535,69.91703138952094,11.01863153747249,44.95388120803745,5.617803896814588,41.43823144436949,31.727964040317147,91.33800103945565,1.6629955132438368,91.80234005680454,79.73854052819644,92.31261351217253,7.159598341032369,27.11782883448308,76.77334553128392,50.40716657081038,34.410187593428155,24.855019514449083,59.98491174188738,42.95187525319592,50.23443287359407,75.75877300169334,43.53411741201759,21.886181196090725,81.7847497833984
29.927232383027537,22.605740506618645,25.684543075854805,76.09943829993894,97.7113387039433,13.341751451120153,71.48815303065527,30.845180704967913,40.49291599338501,51.55699311916374,36.67679595323068,30.79906521890652,68.94814813997473,93.48384435266395,3.1533453480830143,34.8047355372198,66.06377047761659,21.501764856096596,46.13122995518799,42.20153871201619,66.13902083543029,61.64612779880212,8.656324775487667,9.178851414199961,79.58155119765516,87.91331878515058,50.90574224929034,76.83876975367363,6.777918675831485,40.31342973937778,96.64065085531102,97.41401101522092,78.42197010115707,40.58421454536501,57.14436714585912,6.196708649942783,73.63178991325896,62.391594897687284,24.414071216442412,96.92796981222497,14.069812761508405,30.030915013920513,99.6400124423564,18.252948426836912,29.840120295990612,39.78521187307471,61.63782753224418,78.36590634637423,91.81763847256063,9.257088348548493,66.87323701497108
15.62201303847518,50.459086123988804,38.63132726426603,30.964933845286147,57.638107565381056,40.68823048110548,98.93634755398568,80.50574280597095,45.151179887303684,59.98170634751887,48.998525318889904,39.60150894571575,18.027130046423334,38.25112617489946,25.198692381962474,11.007779186299116,12.457196836019147,24.96446987651756,38.78579350126574,55.40678752336259,21.033600335232183,14.468178654777597,3.8334130281158396,17.213432858283852,26.265146985505318,85.7833733286517,15.561218113821706,9.829175533609103,25.631195729274815,18.58560189781999,30.819456581027794,13.233764060528886,7.539576509432811,36.89117118205263,38.556600664381044,94.98621326498612,15.837584075150579,5.779897711521009,72.2651345618136,26.390878783797646,53.36246866422515,76.20043864839839,99.26800848475224,11.774661956854871,69.31667930663446,92.77606079446748,1.5064074895571156,89.34698801341396,35.958539662870706,85.05351426249939,83.35165374038196
33.24597812752482,11.975655548217812,65.77173723347427,17.925248337499443,66.13784056792986,74.59564926655672,14.342952311946755,98.97330580886438,95.0638758159118,32.71797670558574,3.694433812509046,41.084219667917644,90.22192442481692,7.191923749921658,52.53434487773257,54.08235750121803,30.39066423893194,23.19257843135989,52.774644784376044,71.67421517081274,65.26537061196191,37.38190975836814,73.88789225663707,48.748831833201045,36.68790701009216,66.57571499745245,43.14003682501381,12.099543990097372,35.91632991538533,90.50562828392424,41.397323903449625,14.029360147160375,11.72261824107621,90.89982564137351,22.929502701331494,24.58159892910423,54.725375537469766,7.176151891443039,75.26984327352739,38.929804921975474,99.0822205512184,49.4936425712589,24.375010707452294,19.934451862452285,55.376877613059484,20.567294730941043,4.062503691892894,70.92500469473877,39.34975023428419,48.95416995392673,61.34879915526382
92.63256334625673,99.1494388555533,36.42247225983801,42.7163409479397,31.143245637756102,66.94339418260346,40.50859839531613,91.38246590611455,2.2053153345287124,15.324963379473767,87.89810723187337,66.85110254723249,60.61853031956781,40.23716069893424,63.19734943235093,95.45209508630663,46.40400820130306,48.493624890856246,32.00263968856575,23.609206532979922,25.984738516877393,16.471365169730255,44.09704316448718,69.87432644828134,34.40552109242162,69.35112390528852,85.58854141297333,81.6755169199848,37.13229281796542,98.18555547761811,26.082024875550168,51.903779024302324,81.56200040968193,85.60750442625171,24.94695113919052,66.08547759312427,85.38029633162546,79.5214643520837,92.52395414628516,29.322665028116866,45.085538604319055,53.434349136970326,59.43719440245685,54.26453243003849,80.5952158039579,57.38250365811361,92.16203953371208,4.871196161913815,64.37834007690128,88.70953729052371,89.1123047056677
90.75524808861985,73.83726585401371,71.23052353675175,74.7704152536033,77.78332740788298,15.948441059524487,10.442295732249306,36.50775530297309,26.338041318404393,91.96234355971619,64.11101977821562,82.97679710542366,99.79462295037246,52.803308413039844,79.28536607992058,16.17446936275523,45.18696591281204,48.59752254287374,65.27564949892178,39.271612292281176,73.2037318260329,99.0116817692903,79.42217340062034,72.21898169317232,20.407735747102073,95.04945238394968,1.6222340863718987,54.556461781904794,61.62702678954252,30.164394442964536,65.23715362864556,23.49544948579535,71.82573838392554,95.41603242613054,25.6388719736913,69.32492088151419,24.24274370507321,75.45583649258228,26.1893735078758,71.4722337550965,93.84813242868833,62.60193716752621,72.78812940421727,82.60664766084611,59.473885401680015,32.56829587622161,53.118228022899004,35.570952981915305,59.950564806687126,54.2606047016899,63.03831603146224
93.53213322075537,76.23599740571146,74.43116441953464,59.976998259647495,4.9421193703062976,77.41491849897285,1.3191467938154289,8.12169326765082,9.495763731693085,32.710247824594205,28.815090276444344,75.91696792821601,61.16541988012168,45.23322159889328,98.72033005332284,57.00490441849699,76.04989201572772,50.2105936495051,80.50071136771449,92.9698360421249,56.493031312473505,76.02375183603031,26.811065315451188,76.64853875170395,28.466760559898376,36.54428159727835,12.746800719924245,29.73884939531747,42.187066321825874,36.43375072311705,81.83745676604295,29.544250830051087,3.4833489082270686,66.05305287599884,11.87139242851768,47.87958593783704,2.761470318749837,56.727459903295994,23.71567493610227,71.75022937032627,76.6283720554716,0.6057581348432484,32.208852298143086,24.825687117210006,76.90607460774605,93.3371139466484,49.580820937480375,36.168620841794116,0.9484725272816963,50.359411298117195,87.06364650058993
35.09430296339556,32.483341885632775,2.4695773469234794,56.76150990274225,60.52303803355819,36.340607808098326,83.34738125000413,52.18216375135724,70.07424843895812,56.87694963456485,0.046743339484167645,17.319246084111985,8.572663999122742,95.41559695302166,41.932012027899546,1.3638179789448923,76.13008318120407,44.32840426498208,59.11439730355114,22.913827528530252,44.76824444262911,17.91379946442513,6.266987406401148,2.013247614768976,14.371769720235239,93.50190865510505,71.32799460912739,77.77197325722607,30.76783377648954,12.603810051013387,67.2495429722747,49.13788492288108,26.682855753362432,5.0259027521197925,94.7667414545394,85.08738307951012,49.92809758394257,74.76988477175207,68.53922377175242,49.60602572318269,79.62718902614284,21.530114219545883,94.51749142469814,37.14274749849453,86.26135748943888,51.040066571223534,51.416056387116214,71.57705068451439,50.22785931499896,26.647098007146287,43.235487253270755
66.27229079754,80.79040108626262,61.55455796389088,31.143772513559053,7.7727958929957985,69.25630237887336,0.31172768759055725,65.09161659881516,50.5509092388286,38.90532341113821,60.14152096903904,10.21925353960772,68.47495946668053,88.39002705507359,20.160099203978422,12.510317601577647,17.07151341002582,27.828844738517077,85.08748418803864,79.30601364657421,68.85894565012394,72.67550700951396,76.48582727974434,14.552303104333554,18.856347303245723,98.30704326993482,41.114147227136364,10.36797498015174,22.134667790965246,10.175129727251964,66.41745043216063,63.706459113329984,88.59087063804266,51.571726230220705,54.46293907002734,74.2341259517773,27.72700334106306,89.28864948307513,17.34797019251747,49.54789304333269,78.4076873234757,1.580502924274918,42.77019001667662,96.35767784567703,95.42161541377877,35.55101234211161,63.760419553771186,94.8166369743657,77.510375039539,53.95107998215869,11.542746561639417
54.576607876949055,11.308610156506427,85.65494861246171,49.607062249672516,98.11544441682645,71.78949666884286,24.298371111939275,26.209513912810568,28.815667133219048,41.720177630028324,18.933267918187845,98.73608928754835,49.696741999720494,19.514925221774384,36.762730425566836,89.00002271694314,75.04052404830718,57.186535352813316,95.66905893071355,72.2420270094036,97.7656295449955,21.073335857718035,80.83651195180326,52.73926649902805,56.8852891620001,78.09693728551082,99.47111576789683,22.34414976038378,34.505126552917986,15.784851289393364,95.32809381350839,13.711171657182874,55.47997089168574,52.430763103006775,82.96567704340079,54.58463379165644,43.23155572213353,13.807570316298756,48.63706101546572,85.55360452998293,40.721289967983374,45.61619266632183,12.716661406815465,83.48760044087534,73.44570045796553,45.21651943348053,15.22553082455833,86.74363950426992,24.829284332553847,90.76906720194494,57.83454612202929
39.63320258628662,48.86878341871472,86.87314625876252,85.28122214886335,67.84834591325426,32.07630366037323,16.68615863896561,17.754341845230126,97.13354023981849,8.482018729405105,31.112575922061716,61.7794602858819,19.704530369931582,70.8821251623192,91.85540884242599,90.20428855891586,44.83446705707431,57.7747279927452,52.97552204320477,33.97552202127212,34.79075932842765,52.37487107159855,15.545488204389047,86.64900355760756,36.01641098198204,5.115828361363317,66.43153262909168,99.09994646547361,12.474051798805153,10.967159945652316,70.83206080003924,92.93597280015027,24.083317267778536,43.048802063312905,79.69924094673404,89.59914472629413,18.977206710796533,22.305522412618007,84.16246684409256,60.871410557893924,88.98369014202414,15.902051429906772,32.26219780704426,85.54893510523495,89.45275731521765,59.99108976155223,72.49787736018008,18.386512138697363,1.694950268767903,66.72701830698006,0.09401433122421254
15.668500849892641,53.99318295809727,50.160388077193865,21.881163078186695,13.531384708048222,23.859126048410417,46.25993610800213,55.88766267156502,44.00344062685543,19.821598360611826,39.18047047423529,15.138056767215769,13.562210364120297,70.24925642468318,35.05386891914725,49.282663395870486,45.16535896215588,7.662646220664515,11.027630319418268,8.226276641992703,31.406556492685766,72.44299387102934,37.77510446763054,86.98575517989332,54.14108578395215,3.082285129261775,7.87681038651713,9.851636483587455,91.41873482573565,49.06056125781297,55.06720169692193,81.21455079804262,80.12842743735142,3.388488456346772,6.1030551856971815,46.97991096659302,3.8407309454755234,45.13471863111399,42.54660040701687,59.62937373337988,75.64429733320273,11.209909043211596,68.98401372188226,84.22467490407304,64.78599297539816,31.053542266259605,20.337978508896615,88.6230183256966,33.394203342322605,97.76090645854647,56.19555212373215
37.10013232308674,30.82819236934401,78.77632525282732,70.88317577081722,60.0915622674163,32.30405500300858,88.35973036600228,81.8047932681237,74.0583821399625,66.32336035596317,35.55575759852837,79.5828477016199,3.908682399973762,90.9904800965107,4.848357532812219,95.58239409370084,31.067066692328606,16.924494287609924,27.641566700627163,85.94294406186866,81.37582445209421,16.18613127474141,26.55413062681644,50.22015103062956,69.82891079002935,48.667852215528875,61.67875446313127,19.759452638204134,10.629868040388047,39.599871769058424,34.1326063601173,89.18613311594234,61.671551257439184,98.8884261181815,33.39037812902207,9.553080028727724,16.634458543836562,39.00083151223717,37.62470258970875,10.045174071184348,47.29785111281757,4.040391480266614,80.17321840844681,29.734463672872092,74.19752902258068,68.2902120876264,43.38206472016566,76.38286487761896,86.5233384751269,62.68225966567105,83.43638406093913
57.10577425660184,1.8828004955500743,81.20853213247521,43.7414779308849,12.707502861047793,30.030976929900998,9.686015664668545,86.64449108791129,66.04749762175565,66.15776314111858,3.7139751094841467,95.61936803096869,4.29997227887895,8.89204892180202,16.885961772839885,76.83250406925423,14.579055730240832,57.19839130504989,54.023729015170204,61.945508390028614,31.14709741630164,95.70390303625923,16.408523559065625,14.823964984405325,49.21994516870236,70.1926041185381,53.04405489592317,40.67069661499699,97.71880953047733,17.495417082783014,0.8018327935984226,13.925221925667097,13.508603442773436,30.33260096502032,3.1861790073202,79.66784022538066,71.30205288562544,17.660336872039583,44.172284144222495,48.35322762304723,68.4733094123756,81.67219263322998,27.132992147361467,6.779463672808516,38.736033068767576,54.82102476170323,32.1946922602165,38.221257154257714,44.98252973543171,90.9049935544565,10.260817047450088
72.32484244008228,2.781817727172009,55.72277393011793,92.1729796889734,81.7174026235485,92.50975251551054,26.7097317981839,80.55254533547873,5.660434689341787,23.259040359045656,78.66052536938732,73.8054862334397,62.20602940989674,30.088519877232255,25.696411904008254,97.75671303827353,65.19090449814504,34.27268591745312,68.27711089939211,18.511500331743225,1.1767057313518126,74.82310804665477,1.5561233344622116,75.41413453464413,13.797628053397526,29.00902280768902,60.73513445541323,17.363780762765668,59.45029987803092,63.51722535773481,85.82705581991645,36.45313078039338,11.855150134413073,8.10223169296661,10.773970846515112,96.21872757105508,31.819950406835652,95.8119765161643,68.77320341495036,56.65852526340303,89.7291561922631,28.188010140654708,90.01296629832044,80.16784732187998,90.18176258180479,37.070024358999355,53.48472845309734,64.44332221446508,15.535019186472454,30.42430807616695,4.7209157695677355
32.207575187165524,83.84509882116443,7.233537489741071,36.494919964492844,33.55848313643306,14.48138131949792,83.03979139673811,42.03391878545868,64.15578827296463,68.69498589346802,17.531619170921118,86.86020502149778,54.47961812942302,30.521446595497704,30.45860056098787,50.29728858836797,2.9917017420949876,59.3864385464091,54.99901422797782,79.89234230898084,11.635299472340343,67.41128822926088,45.77014598277174,7.364207571420955,38.500313994538516,16.73129979866973,24.728856624876606,14.901078729878547,23.780916645484428,84.23784892043597,57.74427495786498,40.359519841556754,40.50697612653759,41.40935805194672,9.473664954778716,22.279030004718226,62.94113085482771,62.67289927711849,10.120897469221024,95.05294276521663,99.04950000490066,52.9593464706259,20.149565946203662,78.5992681601896,91.57704875324771,20.627603967643317,15.28839514527861,54.61923608124638,40.451678728652816,98.65865842927867,44.81248525216838
76.82772626678802,2.868719450139967,44.716899430849146,80.89724774178903,95.0952129012368,26.630940648932356,52.8389216489981,50.85290317016663,12.11681062384069,81.21519877993497,38.413837778735285,40.84927459248947,23.990164905764832,75.64888736524587,91.3065520798073,42.88919580419811,59.148613084879834,26.405101034980405,44.89361816305583,45.6861088454535,38.592483643440524,25.98204271116834,99.22020351746956,59.55265755451949,43.59690854653693,60.49052747592103,90.91633411572045,92.58432127052045,94.64494989448951,54.809068492579804,84.3250036237326,21.115644075884955,29.78507324379047,75.2032812160327,31.73026966430047,57.37187103686281,38.977850090184184,5.520590111465761,20.794512229305116,67.29031066564234,68.61065072695061,49.93321074649813,57.0703676375653,93.78809371154829,37.0655223218858,95.13049217627525,67.01805938682391,63.3841892033182,66.0076490320464,93.86560032365546,5.4415843394770675
73.73931267984165,8.275377883785051,22.842127700248515,85.51699845940817,97.18687777953696,73.1468539316737,50.505952591148564,94.43940103778,56.01970126129174,71.54431707248544,72.88817636100391,17.58900342908981,18.225090658595956,92.19236624141367,65.4643658825336,41.149329941569604,59.91422647253499,60.778034637754075,13.215932532769138,9.502954192773794,91.31415346901485,8.36593064909541,9.018133792338634,55.850016558354376,57.219847025309875,75.08634641870506,68.66766564563285,99.18170685197386,93.85762413249445,15.452315225355907,17.13215199091296,4.710233154975874,58.394903726178704,64.77283033578962,44.082251306309736,90.96474229475945,12.318055279322483,86.07675288407279,66.47553381700313,16.66248819245292,37.61079332828218,68.05811228352118,30.816063096185797,60.206272512244574,34.87860839849787,83.87591416260197,5.749723145958685,91.01144505502072,23.158961967304037,88.59167207671389,71.77360564066346
90.70764995127377,38.33111188927373,5.283938091627127,32.42846592723537,53.112240520954934,27.147173294187354,51.067465670426294,38.82460298303631,0.930333023136587,17.222891763552393,99.39944390685798,54.715229318861184,42.096415999481415,61.518353614389156,92.10873893318234,86.28114323779225,73.16987354011586,23.53337028645831,68.48651395619493,63.7605182002258,35.53085303347915,14.602373638770016,51.649961511008954,18.319654743125746,2.2188147013434745,86.07097342168089,73.12513000596049,45.242251451786906,75.74067897951008,40.345100682694934,60.03039992713103,74.93207587665266,83.04179184424767,32.032736614970034,84.19747268363919,52.11700294049594,99.37222780848778,3.433772010130731,14.152669414163555,6.210476473337856,71.51159272521997,28.671707930536037,67.8413877098001,62.75820141385474,32.63490078314382,75.53707842771678,52.51488505432989,68.70448983404587,77.95961724278216,84.26495077185334,61.83453103942196
78.70875663596188,70.19962603929987,35.6208253457279,62.374807446002286,35.13740520141412,52.948547033947236,20.74551765589636,89.20314976303973,16.409209245846334,82.33296805334788,0.9766907378704337,19.63195871183808,90.0859782895072,26.843035699471653,61.99949797926353,94.19218610719507,89.5470293140073,25.582164405309005,56.97253516724462,11.360949954779864,91.39331092825294,75.72227649943066,57.601710510303796,65.52036146743991,55.5696426504904,22.811336989901065,65.17258871539762,47.993592797495296,15.800967897261831,72.09318602222025,83.87842972403712,57.294298064605385,17.35645787669552,8.734273260663606,61.55419556840936,42.60194767726423,42.376873904534726,36.04275861424392,26.515341811022797,41.242935731946375,35.08842212601343,15.660819890865474,19.162484964537118,62.12366234236073,9.95819860007403,64.38076650208757,30.46875573330814,50.81799754113507,87.97027581471878,70.66539972506935,6.666939603233757
32.64737301889941,46.82407142477104,52.39860843496975,16.133817765988457,60.49859451299918,51.20258069837171,30.238669944669226,51.87577218248421,94.59888183190535,42.578796665648255,79.37173067279045,59.561368491553104,52.932563569148606,78.78147792579327,28.82187759585564,74.75203548370887,55.5535239596039,51.23548569095211,70.24663723609174,78.79765625877478,18.987459626977287,84.28103282760968,65.61951407492109,67.832389204725,97.3394640686471,32.83347651298438,98.63491950779073,47.97571534627855,44.25275528544241,91.97607363516043,78.08838867327383,22.93019043652499,41.84337808108138,5.247199022838345,1.153681671547413,78.4471520499663,23.299841847039282,64.4460169334752,75.76338808376825,35.081107509879914,15.406440325950378,88.15996622013039,75.94158673928479,73.74333688680754,30.54621347167139,88.2225728133861,90.83777359327686,17.86756142517013,14.044065778185832,74.71795424752298,31.94661286805376
59.70350413776929,7.514875542237753,69.74798634413332,30.928354652913992,81.3768452716879,5.614300185346499,23.524295502105197,20.232883810609124,7.278990717476996,92.54573247212086,48.2002519474351,47.7646202185406,75.63241541503298,50.656875941638425,41.007727781388205,8.992758055016436,6.561569649710841,48.59242325745359,28.846190616850876,4.283744822629587,57.26085991099308,9.668265447044245,77.8429481702935,12.247807511966602,28.780089785930418,57.91795564517245,66.69149069934352,28.528505469464594,22.1684628331436,21.67212659383496,38.80014308179223,9.047489614378312,83.52122036252662,68.39856860598782,72.14294036818468,11.281554888238944,93.18091899563439,67.94961376071274,49.53276343437052,1.012225370499653,24.573009759008603,55.06188583717061,75.91404487964697,72.96857532528271,68.20991468712923,57.51252876922346,35.327560443695724,41.77265699502786,84.99870210586484,46.79393176729224,44.809864608278914
61.882445436379555,22.31614562498897,37.32340154265732,19.286260144571177,46.15832664457415,23.776962018311455,62.653031597462686,35.1513741045546,55.316097923119464,67.20702043762567,53.48999502940761,33.75889840583436,78.14880989345414,34.50493864111528,97.04481049427471,81.09747760313721,75.43071188382395,68.00986591682701,14.67929973157026,10.51552120286824,47.90321079353011,15.670976780458068,21.13802018448426,6.738112456752077,39.28904232445175,0.35165478956974416,45.737573397844024,20.42719659822245,13.667886543898778,80.52295186700009,34.71418246593343,89.69883309286367,90.57700630843816,27.9249586943214,33.45469153144196,45.741555466829745,99.89782269458675,22.65461206240188,74.25788101864754,24.943271545745848,71.68450295749594,98.40906487531345,91.00673178874574,20.787337615604194,41.277100408374956,66.90212939627482,52.943784169275574,85.02940778353083,8.924948099089193,25.489929273390853,67.29876956099598
55.58193487762071,53.22877230833875,12.889000496331327,88.92209745228507,20.28314970399996,73.27151945790254,49.22032513954476,42.940800061818926,14.481027480649777,71.11077274370355,47.71918374475631,82.73671839961378,97.28606969352138,15.927304062018099,11.847150425225905,77.87629316410339,74.8278944528346,83.65410983278062,91.37727445649982,97.14541414542033,19.30266488216551,59.2792113322343,72.00167348460582,66.76866184014604,90.84607703765833,49.3003954386816,87.30247736547854,19.819290285157443,98.07188975809692,43.607021779269274,18.663030084770014,89.58425164362605,93.23568379495407,51.882894387012335,10.038195678711315,88.65561422233368,98.8001758869275,76.66462382378523,58.22198621735486,63.102836749721824,49.071514426598625,48.49587729599985,94.54653396580444,46.06860576833073,15.511389081691496,1.1140068161700323,93.0158521078097,5.472018587771532,43.39702900664363,27.16432894711288,18.398164686370023
73.62015495341177,0.3302685093100277,60.39478697499473,6.031064584602442,66.40408364588293,43.42500983088379,39.590782593309235,0.9867433965332628,0.04999784796549944,70.0407605236389,94.89431408840156,15.105239008518511,26.635739607019893,0.6000954010450532,17.00894612992142,84.53973389610341,21.394462244823885,12.293894505327085,4.591584166772367,96.11621062881493,92.41794927589144,25.558885072563797,51.157400411055754,57.166392067603745,94.09305816103041,28.308117172295468,93.24938752225678,96.17284198753998,5.410168857310882,21.28287788833749,22.55723944927227,33.42156540032855,63.08614109486663,22.887192069150608,12.75826591940058,20.352257545905317,53.89491830474567,41.854651644609234,47.289552906400004,36.75710544227528,22.470882621810297,88.42482315209057,53.90712679172197,41.848924993256475,38.26705380905786,50.33397160197729,99.1899183492499,58.82535487197631,46.283850667353065,76.37789737757372,77.63823834142296
60.80600998944673,44.14730226130903,11.215035119380001,24.3643370866801,28.295776218557123,41.54888008286564,40.246103950780984,12.7172435957707,66.22893881098591,1.1885345382668833,22.37892806493513,57.10800356245702,35.61354050242706,81.53783451330264,97.77658410875434,37.302756429317604,7.051647910245318,32.258664925048585,47.21757377587994,0.0824723542833139,31.557671957943523,62.7308510069109,24.177177390544756,80.70109968055057,84.20962760329729,33.669951664425525,73.58685293450846,94.2116216128702,26.330956830960183,46.40238667939825,70.0432197897776,65.28439816005138,63.54555244007199,7.324292323319881,46.00009215423228,89.45392822804011,11.826045854426004,24.84917173274758,96.37488863889723,6.671613502978834,57.78015287625971,18.439727938117944,53.32613490402742,17.65968669624608,1.2603980165464157,74.49523126196745,3.0993754953956287,53.854044643675955,6.167732339766574,47.142284906756146,61.361923463210985
24.005879422747412,70.63532059779499,41.96356641336219,61.321035166993084,14.993822545534707,75.68904193054544,22.37873677014044,34.90305757486636,45.36901575092686,81.11296432443663,77.58412532795217,44.97554465983089,48.55917552030641,51.03271846605305,41.239425986986035,63.76823823148066,41.41614465921225,69.31827655389921,32.835624932037746,26.575243571479223,99.5329712446409,1.6641951115760611,82.82042333154746,50.51770840682808,44.958338828394574,14.257572283205711,34.090106701108255,84.4430798181427,74.88780922319897,95.943247093546,96.12055747044852,36.90241058313456,41.921933539201405,31.1164045963075,47.452409248806305,60.534420596457394,68.73782802814841,44.324685889742895,24.95703671396161,91.4793003168474,54.90646848864403,3.9215943306570744,74.18890539962062,43.28364177175293,44.834642093672585,12.628166604244928,69.67986302719065,28.469214493711313,74.70901176533766,19.287516747867084,93.39703094572481
9.330821815850332,33.81572569671625,23.596934893260702,59.617461603489794,63.56487827419095,43.084955387281774,97.8955595428214,28.611001473315333,31.174446437665193,79.66495446376135,23.14246198736305,59.7421573364191,68.99843429738777,96.6281642559191,22.70094308942182,94.67416186335291,29.09459481871449,98.44555134461793,80.08300594400562,16.207405363920245,54.419739059470096,20.84196025269468,97.48081985820376,18.52822128367192,23.895677485908486,54.80086863790539,36.613675545638834,57.882828878657,9.055380799591727,97.81225995257618,53.43833817604246,64.53164083724849,64.67980764044,73.96201213251834,68.96325524096252,99.75328973428937,58.41627990201964,22.13042245255319,13.446465574233136,73.28130060191454,92.36491065108338,97.2698783375033,66.80715236217041,85.17530058575677,79.4494564118639,80.40464196070872,74.12102688549489,5.480207241946311,35.351738668816125,77.64573492226278,98.43038595322156
80.48702922307513,88.74995109149934,88.47910085409086,30.42510204495529,45.37336709433721,8.849576318055085,38.61113761108581,51.26807821153611,81.8542043600372,67.54893370338718,34.486655800645615,36.50178196265173,49.7539625087074,89.07106465947236,71.11462788129282,95.6025786313238,32.65365765508639,47.32962007425441,63.540220387080545,6.104085905312795,16.161724192289718,97.07325204521041,51.268585596347236,28.195671391249522,68.42318316220098,80.18296756305244,59.49140231468122,14.703115400184185,59.474273683567134,65.44391993677637,4.2656507760605695,77.4894775596667,60.885402752565874,84.6298851083891,19.783499955914518,13.952435391198648,54.17617703734683,19.008298200073014,91.77736889600678,49.0469023080188,28.835830196408818,89.63279755595141,80.24091151506441,76.2324920726064,57.47093950768316,86.57515935234336,29.90132096364263,80.05087230616972,96.58518796518794,99.36982513358221,19.92222928213856
41.66852819381718,39.958893023845775,41.684646963451485,68.1674943355243,35.381038651787776,31.620355828157678,3.2413264047970958,23.867805093183105,32.895454060923804,63.62768649167501,40.83244295029226,91.51974045825865,45.26076165117359,54.68350631926554,81.91038001182827,3.752634743083827,99.01072953996731,6.377118382302138,80.36715050119858,14.537344006690422,33.070863252957736,93.55961534249624,80.43893903330718,49.94163941726414,12.636010021994126,29.45682775686945,84.58808028974293,3.3235946585478904,71.26274540749344,82.60665459753793,16.38480264910428,33.749095465247066,95.8045296641552,87.0741342654234,37.78624798511626,10.110947201754128,62.580885944797735,36.17667783526289,70.31088966102878,92.45224102996372,64.96163433197104,92.11695277388976,51.847478698061714,68.1001972934248,82.82954211246503,22.53873768814699,19.23763729149681,99.27354849845955,33.86677963200515,65.39721478539224,70.45741448976283
63.718804552361064,76.64690424623285,38.08605318631483,90.33956096543527,3.742367224179177,96.72903945773535,42.6056572744117,78.33834126825117,99.74727939193416,16.328655995194108,46.40598390104893,66.30629238536307,89.9237088870974,11.80392301506683,21.228621699637873,95.55693444648375,41.70457183186651,48.222565305341604,49.18845392572994,26.767097747460745,4.048173310927961,89.31481724361396,92.31205024002023,35.81416289126719,15.893266249002448,11.962717796127487,87.48976547145116,73.5074910665484,78.32526854943023,99.98055369733804,64.96693900092826,8.695020045255553,3.849644971559474,7.7570708092752465,67.35191148547999,78.29488208473916,39.623901443888755,22.33657687348306,84.66301854554084,28.47590252698535,60.245948363446956,67.99721846691827,90.74325083294292,0.5211780356237927,2.5059416406883472,11.851025156602745,21.947380839523568,2.6018139250829964,29.250498523339196,6.763119825738806,45.788554605173914
9.78692185486566,81.47442798102183,71.40997767188607,92.30595832904028,16.64865660915128,82.0727395672589,30.29848461737871,61.673112349361226,44.31130550809102,28.423400040416556,91.61815565611042,40.60606726069328,55.460151996020066,87.22705890121092,13.90133281174818,29.9514242909964,37.331780948602436,81.17707640921232,14.348641970006437,12.607415658553956,19.908612712902553,80.59377867583926,46.93034781044453,64.62761680102844,18.505862990654432,99.14305041244454,59.91797890108261,4.382247215003499,57.30728980140112,77.15783768765749,51.486238122987196,93.50225329597728,61.45586742394485,74.11266993098891,45.10524692058885,19.29008330625006,76.22843456307183,24.04385652423541,95.11933547704481,88.40991915658402,68.00903407255421,54.84065376067494,68.81258458471791,45.1095645293596,0.5193846996391915,98.94451135424657,86.51614757637243,13.012466298586101,0.8587796390779556,13.431792448424906,83.97361988219416
20.330292627882518,55.944428772803676,56.08482812976686,57.99853002718667,59.35823117773358,43.79381461707782,66.29079327309731,85.28114822599233,37.15820435741244,56.71127272759458,45.218342750185656,12.0444012506988,62.31914039252692,44.757190339264184,59.85750470776973,19.509519930714315,90.47764831738317,93.75981788003739,79.28123040431876,46.26216478167468,15.105141507615693,91.09569864943452,85.0422979373584,99.91702897042617,96.18703150028412,29.57761552568797,95.87229079366341,8.25930799916449,20.460949188590604,34.29115195257588,85.47115845981533,8.18745753030049,16.605223891841135,81.31186005510529,86.52955325703265,11.330197665199416,11.86489678750534,98.43851079209661,41.298618756426045,72.50333788609281,16.09563092431169,45.77605880082779,78.69416433851609,85.37304861056289,16.42785717839177,8.766315243507194,60.693684540669054,98.2799056602341,73.28217383147921,61.19934590585368,54.2797640382125
